search_term,ranking_cohort,product_name,category_cluster,query_l1,brand_name,product_variant_id,selling_price,l3_category_name,ranking_score,temp,asp_boost,pop_boost,sku_pop,brand_pop,med_asp,p25_asp
curd,Premium,Nandini Thick Curd Pouch| 500.0 - MILLILITRE,Grocery & Kitchen,"Dairy, Bread & Eggs",Nandini,f05fb698-1b4a-4c68-a16a-1dbc018ccb0c,27.820359281437124,Curd,0.1903734,1,0.4791229942390875,2,1,1,121.49141829942802,24.000000000000004
curd,Premium,Amul Curd Pouch| 450.0 - GRAM,Grocery & Kitchen,"Dairy, Bread & Eggs",Amul,39943e9a-a149-4b3b-8aab-d7cb81119521,24.00625,Curd,0.09932873,2,0.0008445722212321818,1.5862802274620547,0.5608306613343518,0.6456625484266943,121.49141829942802,24.000000000000004
curd,Premium,Heritage Total Curd Pouch| 475.0 - GRAM,Grocery & Kitchen,"Dairy, Bread & Eggs",Heritage,6fe48002-44ec-4c37-af80-7034d3fc6db6,28.834355828220858,Curd,0.07749801,3,0.5952414765510216,1.341223800460693,0.36187421964089106,0.2930394890402305,121.49141829942802,24.000000000000004
curd,Premium,Amul Curd Pouch| 900.0 - GRAM,Grocery & Kitchen,"Dairy, Bread & Eggs",Amul,cb1308a4-ab3d-4425-b27d-cd08048bc339,48.0377358490566,Curd,0.054615855,4,1,1.3912744881680417,0.28225103377147626,0.6456625484266943,121.49141829942802,24.000000000000004
curd,Premium,Hatsun Curd Pouch| 500.0 - GRAM,Grocery & Kitchen,"Dairy, Bread & Eggs",Hatsun,b87ff0cd-08a4-4d2d-972d-0e458dc67d85,36.1,Curd,0.06019605,5,1,1.290259217251114,0.2645623327366951,0.350218614451425,121.49141829942802,24.000000000000004
curd,Premium,Milky Mist Curd Pouch| 400.0 - GRAM,Grocery & Kitchen,"Dairy, Bread & Eggs",Milky Mist,06806c10-0b66-4131-8279-ccf912d0758e,37.2710843373494,Curd,0.061556082,6,1,1.3698687326501395,0.3492738312789935,0.4179235025161472,121.49141829942802,24.000000000000004
curd,Premium,Amul Masti Curd Pouch| 450.0 - GRAM,Grocery & Kitchen,"Dairy, Bread & Eggs",Amul,3f3d772a-04a4-4236-8dd5-e848d99c459a,33.7939393939394,Curd,0.031858113,7,1,1.1936987645280084,0,0.6456625484266943,121.49141829942802,24.000000000000004
curd,Premium,Hatsun Cup Curd| 200.0 - GRAM,Grocery & Kitchen,"Dairy, Bread & Eggs",Hatsun,6f523e85-b003-44f4-973c-49d125ef0131,24.944444444444443,Curd,0.042458013,8,0.12519341316365307,1.1050655843354276,0,0.35021861445142494,121.49141829942802,24.000000000000004
curd,Premium,Akshayakalpa Organic Curd Pouch| 200.0 - GRAM,Grocery & Kitchen,"Dairy, Bread & Eggs",Akshayakalpa,75a475ab-2a64-4004-9c60-692cc836ffda,22.96969696969697,Curd,0.16998856,9,0,1.172631847907174,0,0.5754394930239134,121.49141829942802,24.000000000000004
curd,Premium,Milky Mist Curd Pouch| 200.0 - GRAM,Grocery & Kitchen,"Dairy, Bread & Eggs",Milky Mist,416e4686-db40-4ccd-b601-910d88fdb8ad,18.70552147239264,Curd,0.02899279,10,0,1.1253770507548442,0,0.4179235025161473,121.49141829942802,24.000000000000004
curd,Premium,Akshayakalpa Organic Probiotic Curd Pouch| 500.0 - GRAM,Grocery & Kitchen,"Dairy, Bread & Eggs",Akshayakalpa,d13a1bd1-aeaa-4388-9f32-2be8b1815ae7,50.84848484848485,Curd,0.1836119,11,1,1.172631847907174,0,0.5754394930239133,121.49141829942802,24.000000000000004
curd,Premium,Milky Mist Set Curd Tub| 1.0 - LITER,Grocery & Kitchen,"Dairy, Bread & Eggs",Milky Mist,0af6a1a5-373b-4ddb-a661-cefc7f18298e,100.144578313253,Curd,0.04848946,12,1,1.1253770507548442,0,0.41792350251614735,121.49141829942802,24.000000000000004
curd,Premium,Akshayakalpa Artisanal Organic Set Curd Cup| 1.0 - KILOGRAM,Grocery & Kitchen,"Dairy, Bread & Eggs",Akshayakalpa,0e7d1f54-816e-4461-9f79-a651a41fec02,144.97575757575757,Curd,0.12633996,13,1,1.172631847907174,0,0.5754394930239133,121.49141829942802,24.000000000000004
curd,Premium,Akshayakalpa Amrutha A2 Organic Curd Pouch| 500.0 - GRAM,Grocery & Kitchen,"Dairy, Bread & Eggs",Akshayakalpa,22c5e201-2f80-43b6-9476-5822b97d4958,65.0060606060606,Curd,0.15584944,14,1,1.172631847907174,0,0.5754394930239134,121.49141829942802,24.000000000000004
curd,Premium,Heritage Total Curd Tub| 1.0 - KILOGRAM,Grocery & Kitchen,"Dairy, Bread & Eggs",Heritage,23a90a6f-2dab-4bd1-a911-bfd3ab97648c,94.8780487804878,Curd,0.030489517,15,1,1.0879118467120692,0,0.2930394890402306,121.49141829942802,24.000000000000004
curd,Premium,Milky Mist Plain Curd Cup| 400.0 - GRAM,Grocery & Kitchen,"Dairy, Bread & Eggs",Milky Mist,1363a5ff-b43b-439b-a814-a0982e8559de,55.018181818181816,Curd,0.032820355,16,1,1.1253770507548442,0,0.4179235025161472,121.49141829942802,24.000000000000004
curd,Premium,Heritage Total Curd Tub| 400.0 - GRAM,Grocery & Kitchen,"Dairy, Bread & Eggs",Heritage,d3e8e9e0-7e0f-4fcd-8725-a6b64409b5ad,45.79141104294479,Curd,0.02454037,17,1,1.0879118467120692,0,0.2930394890402305,121.49141829942802,24.000000000000004
curd,Premium,Godrej Jersey Curd Pouch| 425.0 - GRAM,Grocery & Kitchen,"Dairy, Bread & Eggs",Godrej Jersey,499acf6d-714c-467a-8ec5-edfb6cf67854,28.937888198757765,Curd,0.012293217,18,0.6068669846089902,1.0228020505558424,0,0.07600683518614111,121.49141829942802,24.000000000000004
curd,Premium,Akshayakalpa Artisanal Organic Set Curd Cup| 400.0 - GRAM,Grocery & Kitchen,"Dairy, Bread & Eggs",Akshayakalpa,a1f91e85-5ccc-4d8e-921a-b81ca9f8d896,74.80722891566265,Curd,0.08043693,19,1,1.172631847907174,0,0.5754394930239135,121.49141829942802,24.000000000000004
curd,Premium,Milky Mist Plain Curd Cup| 200.0 - GRAM,Grocery & Kitchen,"Dairy, Bread & Eggs",Milky Mist,72f7f613-1f5a-4344-b657-4b5eee10868b,32.49693251533742,Curd,0.020538596,20,0.9831026069085935,1.1253770507548442,0,0.4179235025161473,121.49141829942802,24.000000000000004
curd,Premium,Amul Masti Dahi Cup| 200.0 - GRAM,Grocery & Kitchen,"Dairy, Bread & Eggs",Amul,51c1f355-3a4d-4ae2-a459-048b73108e6f,22.9873417721519,Curd,0.021788986,21,0,1.1936987645280084,0,0.6456625484266943,121.49141829942802,24.000000000000004
curd,Premium,Amul Masti Set Curd Tub| 1.0 - KILOGRAM,Grocery & Kitchen,"Dairy, Bread & Eggs",Amul,cf8c88da-d6d3-40af-893c-db15c351513b,94.84848484848484,Curd,0.023979548,22,1,1.1936987645280084,0,0.6456625484266945,121.49141829942802,24.000000000000004
curd,Premium,Sid's Farm Curd Pouch| 450.0 - GRAM,Grocery & Kitchen,"Dairy, Bread & Eggs",Sid's Farm,1fac9173-620c-4cd4-96ba-2c39043c29e9,51.515337423312886,Curd,0.02688687,23,1,1.0284702778570542,0,0.0949009261901805,121.49141829942802,24.000000000000004
curd,Premium,Mother Dairy Mishti Doi Cup| 80.0 - GRAM,Grocery & Kitchen,"Dairy, Bread & Eggs",Mother Dairy,37060eb0-9096-472e-b057-038dd780971d,19.957055214723926,Curd,0.041386116,24,0,1.0383762451390086,0,0.127920817130029,121.49141829942802,24.000000000000004
curd,Premium,Hatsun Cup Curd| 400.0 - GRAM,Grocery & Kitchen,"Dairy, Bread & Eggs",Hatsun,cad89a81-5551-4d0d-b99a-2809a4623206,49.86335403726708,Curd,0.018451001,25,1,1.1050655843354276,0,0.350218614451425,121.49141829942802,24.000000000000004
curd,Premium,Mother Dairy Classic Dahi Cup| 400.0 - GRAM,Grocery & Kitchen,"Dairy, Bread & Eggs",Mother Dairy,11aef640-1525-4c3e-bda8-fb72b89225ed,45,Curd,0.018926017,26,1,1.0383762451390086,0,0.127920817130029,121.49141829942802,24.000000000000004
curd,Premium,Country Delight | Ghar Jaisa Dahi Cup| 400.0 - GRAM,Grocery & Kitchen,"Dairy, Bread & Eggs",Country Delight,b0e9defa-42c5-44ab-88a1-1d9d2a26bb37,67.7948717948718,Curd,0.047771282,27,1,1.0270001952922787,0,0.09000065097426203,121.49141829942802,24.000000000000004
curd,Premium,Hatsun Curd Tub| 1.0 - KILOGRAM,Grocery & Kitchen,"Dairy, Bread & Eggs",Hatsun,d1469ad2-08a1-426c-bc7f-3073feee548d,100.425,Curd,0.04013013,28,1,1.1050655843354276,0,0.35021861445142494,121.49141829942802,24.000000000000004
curd,Premium,Amul Masti Dahi Cup| 400.0 - GRAM,Grocery & Kitchen,"Dairy, Bread & Eggs",Amul,c3c7b54e-83ab-40f0-8ba3-09d8633831bc,47.98765432098765,Curd,0.014161945,29,1,1.1936987645280084,0,0.6456625484266945,121.49141829942802,24.000000000000004
curd,Premium,Heritage Total Curd Pouch| 1.0 - KILOGRAM,Grocery & Kitchen,"Dairy, Bread & Eggs",Heritage,06790095-6e9b-4170-be00-9562e169c314,65.01123595505618,Curd,0.012753329,30,1,1.0879118467120692,0,0.29303948904023064,121.49141829942802,24.000000000000004
curd,Premium,Milky Mist Mishti Doi Cup| 100.0 - GRAM,Grocery & Kitchen,"Dairy, Bread & Eggs",Milky Mist,8f671df4-6007-4ebf-9ecb-450e70c54801,23.33128834355828,Curd,0.013060315,31,0,1.1253770507548442,0,0.4179235025161473,121.49141829942802,24.000000000000004
curd,Premium,Desi farms Low Fat Dahi Pouch| 400.0 - GRAM,Grocery & Kitchen,"Dairy, Bread & Eggs",Desi Farms,d89c02eb-3c62-44ca-8707-9db3f18025ae,24,Curd,0.007714204,32,0,1.0200093310113048,0,0.0666977700376824,121.49141829942802,24.000000000000004
curd,Premium,Amul High Protein Cup Dahi| 400.0 - GRAM,Grocery & Kitchen,"Dairy, Bread & Eggs",Amul,e90e8c07-553f-4169-9c44-cb468b6b2741,69.59375,Curd,0.031389516,33,1,1.1936987645280084,0,0.6456625484266943,121.49141829942802,24.000000000000004
curd,Premium,Godrej Jersey Curd Pouch| 1.0 - KILOGRAM,Grocery & Kitchen,"Dairy, Bread & Eggs",Godrej Jersey,34cb1ac2-0680-4c50-96ed-9f1480024d28,65.35403726708074,Curd,0.010594464,34,1,1.0228020505558424,0,0.0760068351861411,121.49141829942802,24.000000000000004
curd,Premium,Milky Mist Probiotic Curd Cup| 400.0 - GRAM,Grocery & Kitchen,"Dairy, Bread & Eggs",Milky Mist,d26207e4-d61b-473c-9934-a4d47adca6f8,59.717791411042946,Curd,0.030750163,35,1,1.1253770507548442,0,0.4179235025161473,121.49141829942802,24.000000000000004
curd,Premium,Godrej Jersey Curd Tub| 1.0 - KILOGRAM,Grocery & Kitchen,"Dairy, Bread & Eggs",Godrej Jersey,ce6fac84-94c2-4a22-b52c-7ba92c8a15d7,92.9192546583851,Curd,0.011731141,36,1,1.0228020505558424,0,0.0760068351861411,121.49141829942802,24.000000000000004
curd,Premium,Milky Mist Probiotic Curd Cup| 200.0 - GRAM,Grocery & Kitchen,"Dairy, Bread & Eggs",Milky Mist,fa890e06-e218-445a-9a0d-c42f6c73ecd7,31.68944099378882,Curd,0.010914207,37,0.9014871153367512,1.1253770507548442,0,0.4179235025161473,121.49141829942802,24.000000000000004
curd,Premium,Mother Dairy Mishti Doi Cup| 400.0 - GRAM,Grocery & Kitchen,"Dairy, Bread & Eggs",Mother Dairy,867c532d-78ee-4b54-a623-fb0f86411a53,74.8159509202454,Curd,0.020834303,38,1,1.0383762451390086,0,0.127920817130029,121.49141829942802,24.000000000000004
curd,Premium,Sids Farm Cow Curd Cup| 400.0 - GRAM,Grocery & Kitchen,"Dairy, Bread & Eggs",Sid's Farm,7e56925a-9fda-4ee8-9c34-1e933e0077dc,72.63125,Curd,0.027675277,39,1,1.0284702778570542,0,0.09490092619018053,121.49141829942802,24.000000000000004
curd,Premium,Mother Dairy Thick & Tasty Curd Pouch| 460.0 - GRAM,Grocery & Kitchen,"Dairy, Bread & Eggs",Mother Dairy,71080671-b2e5-414c-8f7d-822ae1db046d,35.98026315789474,Curd,0.0057479483,40,1,1.0383762451390086,0,0.127920817130029,121.49141829942802,24.000000000000004
curd,Premium,Sids Farm Buffalo Cup Curd| 400.0 - GRAM,Grocery & Kitchen,"Dairy, Bread & Eggs",Sid's Farm,ae7ae4f1-3095-46e7-bc9f-46c846b30bcb,81.32530120481928,Curd,0.033896193,41,1,1.0284702778570542,0,0.09490092619018056,121.49141829942802,24.000000000000004
curd,Premium,Country Delight | Low Fat Dahi Pouch| 400.0 - GRAM,Grocery & Kitchen,"Dairy, Bread & Eggs",Country Delight,95fb899f-fe41-4381-b838-ed6ab6b420eb,56.83974358974359,Curd,0.010873473,42,1,1.0270001952922787,0,0.09000065097426206,121.49141829942802,24.000000000000004
curd,Premium,iD Fresh Curd Pouch| 400.0 - GRAM,Grocery & Kitchen,"Dairy, Bread & Eggs",iD Fresh,94d95b67-8c7a-4934-b027-d485118b0003,47.8125,Curd,0.0077866605,43,1,1,0,0,121.49141829942802,24.000000000000004
curd,Premium,Desi Farms Malai Dahi Cup| 200.0 - GRAM,Grocery & Kitchen,"Dairy, Bread & Eggs",Desi Farms,1a99ac3c-aaf7-4e0b-a822-a373717e27a9,24,Curd,0.00802913,44,0,1.0200093310113048,0,0.06669777003768239,121.49141829942802,24.000000000000004
curd,Premium,Milky Mist Probiotic Curd Tub| 1.0 - KILOGRAM,Grocery & Kitchen,"Dairy, Bread & Eggs",Milky Mist,61ae2733-9ff4-4968-9271-b119c38b37f1,109.96551724137932,Curd,0.008602374,45,1,1.1253770507548442,0,0.41792350251614724,121.49141829942802,24.000000000000004
curd,Premium,Heritage Sampurna A2 Curd Tub| 1.0 - KILOGRAM,Grocery & Kitchen,"Dairy, Bread & Eggs",Heritage,6bf52672-9a74-4f97-b3c2-9250f7cce0d8,136.88957055214723,Curd,0.019453686,46,1,1.0879118467120692,0,0.29303948904023064,121.49141829942802,24.000000000000004
curd,Premium,Amul Curd Pouch| 800.0 - GRAM,Grocery & Kitchen,"Dairy, Bread & Eggs",Amul,aa562171-ba45-4878-b38f-e7b9e9d9af04,50,Curd,0.004491401,47,1,1.1936987645280084,0,0.6456625484266943,121.49141829942802,24.000000000000004
curd,Premium,Desi Farms Creamy & Thick Dahi Tub| 1.0 - KILOGRAM,Grocery & Kitchen,"Dairy, Bread & Eggs",Desi Farms,469f147b-c676-47c9-b2da-1e90a421e984,85.96815286624204,Curd,0.0075538554,48,1,1.0200093310113048,0,0.06669777003768237,121.49141829942802,24.000000000000004
curd,Premium,Mother Dairy Thick & Tasty Curd Tub| 1.0 - KILOGRAM,Grocery & Kitchen,"Dairy, Bread & Eggs",Mother Dairy,31ddcfa7-0114-4343-9bac-7ae170f23db6,97.89473684210526,Curd,0.005706312,49,1,1.0383762451390086,0,0.127920817130029,121.49141829942802,24.000000000000004
curd,Premium,Desi Farms Low Fat Dahi Cup| 400.0 - GRAM,Grocery & Kitchen,"Dairy, Bread & Eggs",Desi Farms,6b892033-4ec6-476e-900d-51968c7a1d95,38.99363057324841,Curd,0.0049818866,50,1,1.0200093310113048,0,0.06669777003768239,121.49141829942802,24.000000000000004
milk,Premium,Nandini Toned Fresh Milk | Pouch| 500.0 - MILLILITRE,Grocery & Kitchen,"Dairy, Bread & Eggs",Nandini,25eb526c-9c26-48cd-95a3-8e4058910f8a,23.911242603550296,Toned Milk,0.19633095,1,0,2,1,1,200.4571652504685,24.000000000000004
milk,Premium,Nandini Standardized Fresh Milk | Pouch| 500.0 - MILLILITRE,Grocery & Kitchen,"Dairy, Bread & Eggs",Nandini,0cfdcd21-abb4-4151-bd80-f833942fa524,26.91715976331361,Fresh Cow Milk,0.15241033,2,0.48695536526005717,1.9999885828967658,0.9999836898525226,1,200.4571652504685,24.000000000000004
milk,Premium,Nandini Goodlife Toned UHT Milk (Fino Pouch)| 500.0 - MILLILITRE,Grocery & Kitchen,"Dairy, Bread & Eggs",Nandini,b01c94d5-7fa9-4119-b157-5e401def1280,31.012048192771083,Tetra Pack Milk,0.043335374,3,1,1.5890786428238908,0.41296948974841535,1,200.4571652504685,24.000000000000004
milk,Premium,Heritage Toned Fresh Milk | Pouch| 500.0 - MILLILITRE,Grocery & Kitchen,"Dairy, Bread & Eggs",Heritage,fdf82a8b-a576-417f-b6df-a40d37e25634,25.952380952380953,Toned Milk,0.07955729,4,0.33200675358733867,1.4754966529129474,0.584381246259625,0.22143260177069976,200.4571652504685,24.000000000000004
milk,Premium,Amul Gold Full Cream Fresh Milk | Pouch| 500.0 - MILLILITRE,Grocery & Kitchen,"Dairy, Bread & Eggs",Amul,51d55eac-ca29-4532-9b32-9b7d317f346a,32.94642857142857,Toned Milk,0.12954916,5,1,1.447133549086763,0.47786189731648665,0.37543406988407474,200.4571652504685,24.000000000000004
milk,Premium,Amul Taaza Homogenised Toned Milk (Tetra Pack)| 200.0 - MILLILITRE,Grocery & Kitchen,"Dairy, Bread & Eggs",Amul,2a231315-2b07-4de0-af4a-3a4f9c48ad0c,16.012345679012345,Tetra Pack Milk,0.04493563,6,0,1.1126302209652223,0,0.37543406988407463,200.4571652504685,24.000000000000004
milk,Premium,Nandini Good Life Toned UHT Milk (Fino Pouch)| 180.0 - MILLILITRE,Grocery & Kitchen,"Dairy, Bread & Eggs",Nandini,17ce1910-171f-4aac-8fcb-86d96d679487,13.981707317073171,Tetra Pack Milk,0.03604963,7,0,1.5448789212807754,0.3498270304011078,1,200.4571652504685,24.000000000000004
milk,Premium,Arokya Toned Fresh Milk | Pouch| 500.0 - MILLILITRE,Grocery & Kitchen,"Dairy, Bread & Eggs",Arokya,edc180a1-cb0b-4824-b10e-1c306f1aacae,26,Toned Milk,0.056433473,8,0.3397887786958155,1.346705993812292,0.4143665634701067,0.1888313312773908,200.4571652504685,24.000000000000004
milk,Premium,Amul Taaza Toned Fresh Milk | Pouch| 500.0 - MILLILITRE,Grocery & Kitchen,"Dairy, Bread & Eggs",Amul,9d447ba5-1d35-46e1-bc64-e932135d026f,27.957831325301203,Toned Milk,0.049551774,9,0.6479860180459455,1.1126302209652223,0,0.37543406988407463,200.4571652504685,24.000000000000004
milk,Premium,Heritage Full Cream Fresh Milk | Pouch| 500.0 - MILLILITRE,Grocery & Kitchen,"Dairy, Bread & Eggs",Heritage,7f99a529-4d3a-41bb-b7d2-cb426f5189b8,34.98203592814371,Toned Milk,0.042955715,10,1,1.06642978053121,0,0.2214326017706998,200.4571652504685,24.000000000000004
milk,Premium,Akshayakalpa Amrutha A2 Pasteurized Organic Fresh Milk | Pouch| 500.0 - MILLILITRE,Grocery & Kitchen,"Dairy, Bread & Eggs",Akshayakalpa,d3db9200-f330-4c52-996c-e231fcceaed0,44.904761904761905,Fresh Cow Milk,0.3129112,11,1,1.0742605488373962,0,0.2475351627913208,200.4571652504685,24.000000000000004
milk,Premium,Heritage Special Long Life Toned Milk (Pouch)| 450.0 - MILLILITRE,Grocery & Kitchen,"Dairy, Bread & Eggs",Heritage,745ea592-6192-4dfc-8a18-c2396be123a2,31.04268292682927,Toned Milk,0.022978295,12,1,1.06642978053121,0,0.22143260177069976,200.4571652504685,24.000000000000004
milk,Premium,Godrej Jersey Toned Fresh Milk | Pouch| 500.0 - MILLILITRE,Grocery & Kitchen,"Dairy, Bread & Eggs",Godrej Jersey,ba77f9b3-0525-4ce8-bc4b-a2480419b780,25.09433962264151,Fresh Cow Milk,0.02693672,13,0.18928225557801448,1.0187889642160102,0,0.06262988072003411,200.4571652504685,24.000000000000004
milk,Premium,Akshayakalpa Organic Pasteurized Cow Fresh Milk | Pouch| 500.0 - MILLILITRE,Grocery & Kitchen,"Dairy, Bread & Eggs",Akshayakalpa,9cd6367f-6ae0-45f4-b529-625ad8b01069,41.91616766467066,Fresh Cow Milk,0.2839928,14,1,1.0742605488373962,0,0.24753516279132073,200.4571652504685,24.000000000000004
milk,Premium,Akshayakalpa Amrutha - A2 Farm Organic Cow Fresh Milk | Pouch| 500.0 - MILLILITRE,Grocery & Kitchen,"Dairy, Bread & Eggs",Akshayakalpa,0d2d70a4-1469-45a3-b1c4-4ffe692f86ae,52.94478527607362,Toned Milk,0.21518035,15,1,1.0742605488373962,0,0.2475351627913208,200.4571652504685,24.000000000000004
milk,Premium,Arokya Standardized Fresh Milk | Pouch| 500.0 - MILLILITRE,Grocery & Kitchen,"Dairy, Bread & Eggs",Arokya,df9f14b1-156c-4b88-abdd-438419ddc4cf,32.01273885350319,Fresh Cow Milk,0.041173138,16,1,1.0566493993832173,0,0.18883133127739082,200.4571652504685,24.000000000000004
milk,Premium,Godrej Jersey Full Cream Fresh Milk | Pouch| 500.0 - MILLILITRE,Grocery & Kitchen,"Dairy, Bread & Eggs",Godrej Jersey,d05f0bf0-be17-4f60-8321-9ad4f19f2ba1,33.0188679245283,Toned Milk,0.03347076,17,1,1.0187889642160102,0,0.06262988072003411,200.4571652504685,24.000000000000004
milk,Premium,Sid's Farm Cow Fresh Milk | Pouch| 500.0 - MILLILITRE,Grocery & Kitchen,"Dairy, Bread & Eggs",Sid's Farm,1a9e1f6e-3d3c-49b2-bdf0-d34fa11c2054,41.9277108433735,Fresh Cow Milk,0.039815355,18,1,1.031754600960995,0,0.10584866986998312,200.4571652504685,24.000000000000004
milk,Premium,Nandini Goodlife Toned Milk UHT (Tetra Pack Brick)| 1.0 - LITER,Grocery & Kitchen,"Dairy, Bread & Eggs",Nandini,b76a82b8-8c7d-4b3a-aa17-754fa3bfc0d4,67.97604790419162,Tetra Pack Milk,0.014892772,19,1,1.3,0,1,200.4571652504685,24.000000000000004
milk,Premium,Amul Moti - Homogenised Toned Milk (Pouch 90 Days Shelf life)| 450.0 - MILLILITRE,Grocery & Kitchen,"Dairy, Bread & Eggs",Amul,1638f685-befc-478e-95f8-2d92213866e7,29.048484848484847,Tetra Pack Milk,0.021526018,20,0.8104413927149374,1.1126302209652223,0,0.3754340698840747,200.4571652504685,24.000000000000004
milk,Premium,Nandini Goodlife Milk UHT (Pouch Brik)| 500.0 - MILLILITRE,Grocery & Kitchen,"Dairy, Bread & Eggs",Nandini,7790e233-c829-422b-bf16-45eefe9b5bd5,35.012121212121215,Tetra Pack Milk,0.022472624,21,1,1.3,0,1,200.4571652504685,24.000000000000004
milk,Premium,Sid's Farm Skim Fresh Milk | Pouch| 500.0 - MILLILITRE,Grocery & Kitchen,"Dairy, Bread & Eggs",Sid's Farm,8e686c99-3292-4ee3-b45e-c8a0cb1e6884,32,Fresh Cow Milk,0.022560582,22,1,1.031754600960995,0,0.10584866986998312,200.4571652504685,24.000000000000004
milk,Premium,Nandini Pasteurised Full Cream Fresh Milk | Pouch| 500.0 - MILLILITRE,Grocery & Kitchen,"Dairy, Bread & Eggs",Nandini,07a789cc-1980-4f2d-af40-e20075768cf6,29,Fresh Cow Milk,0.0087578725,23,0.8033499840784254,1.3,0,1,200.4571652504685,24.000000000000004
milk,Premium,Amul Taaza Homogenised Toned Milk (Tetra Pack)| 1.0 - LITER,Grocery & Kitchen,"Dairy, Bread & Eggs",Amul,84eae511-5edb-4a22-875e-5aa94976c2d6,75,Tetra Pack Milk,0.014933795,24,1,1.1126302209652223,0,0.3754340698840748,200.4571652504685,24.000000000000004
milk,Premium,Sid's Farm A2 Buffalo Fresh Milk | Pouch| 500.0 - MILLILITRE,Grocery & Kitchen,"Dairy, Bread & Eggs",Sid's Farm,47951a3c-5f8c-4466-b6b9-cf13b740ddea,59.963855421686745,Fresh Buffalo Milk,0.11087807,25,1,1.031754600960995,0,0.10584866986998312,200.4571652504685,24.000000000000004
milk,Premium,Nandini shubham Pasteurised standardized Fresh Milk | Pouch| 500.0 - MILLILITRE,Grocery & Kitchen,"Dairy, Bread & Eggs",Nandini,3a15fd02-3414-46d0-8977-cd4bea20a3f7,27,Fresh Cow Milk,0.020013684,26,0.5,1.3,0,1,200.4571652504685,24.000000000000004
milk,Premium,Sid's Farm Toned Fresh Milk | Pouch| 500.0 - MILLILITRE,Grocery & Kitchen,"Dairy, Bread & Eggs",Sid's Farm,a79f8c06-08d8-4b4f-834b-17205aefa4b7,33,Fresh Cow Milk,0.0195963,27,1,1.031754600960995,0,0.10584866986998312,200.4571652504685,24.000000000000004
milk,Premium,Aavin Green Magic Fresh Milk | Pouch| 500.0 - MILLILITRE,Grocery & Kitchen,"Dairy, Bread & Eggs",Aavin,be992603-05e4-40e1-85b8-c7b7883e1965,22,Toned Milk,0.007150775,28,0,1.0080288201268375,0,0.02676273375612463,200.4571652504685,24.000000000000004
milk,Premium,Nandini Pasterurised Homogenised Toned Milk (Blue/White)| 500.0 - MILLILITRE,Grocery & Kitchen,"Dairy, Bread & Eggs",Nandini,fa274cc3-5cf6-4fd1-b370-6c6d19d3db32,24,Fresh Cow Milk,0.0060798847,29,0,1,0,0,200.4571652504685,24.000000000000004
milk,Premium,Nandini Special Toned Fresh Milk | Pouch| 500.0 - MILLILITRE,Grocery & Kitchen,"Dairy, Bread & Eggs",Nandini,c6d24935-6bcd-43e6-b980-07557f3102cb,27,Toned Milk,0.0066725914,30,0.5,1,0,0,200.4571652504685,24.000000000000004
milk,Premium,Akshayakalpa - Organic Farm Fresh Milk | Pouch| 500.0 - MILLILITRE,Grocery & Kitchen,"Dairy, Bread & Eggs",Akshayakalpa,7f4ab241-5791-483b-9901-c42a2f781b4e,47,Fresh Cow Milk,0.080298826,31,1,1.0742605488373962,0,0.2475351627913208,200.4571652504685,24.000000000000004
milk,Premium,Amul Lactose Free Milk (Tetra Pack)| 250.0 - MILLILITRE,Grocery & Kitchen,"Dairy, Bread & Eggs",Amul,23037033-b0ab-4109-82b6-30f3a2a2cf84,25.01212121212121,Tetra Pack Milk,0.017289545,32,0.1753509122678861,1.1126302209652223,0,0.37543406988407474,200.4571652504685,24.000000000000004
milk,Premium,Aavin Delite Premium Cow Fresh Milk | Pouch| 500.0 - MILLILITRE,Grocery & Kitchen,"Dairy, Bread & Eggs",Aavin,c960c338-5fd8-4c93-af37-bce2e68e0ad2,22,Fresh Cow Milk,0.004974159,33,0,1.0080288201268375,0,0.02676273375612463,200.4571652504685,24.000000000000004
milk,Premium,Amul Slim 'n' Trim Double Toned Fresh Milk | Pouch| 500.0 - MILLILITRE,Grocery & Kitchen,"Dairy, Bread & Eggs",Amul,df5d1d2f-3f3e-40a9-99ab-0335b671297e,21,Toned Milk,0.0048341523,34,0,1.1126302209652223,0,0.37543406988407474,200.4571652504685,24.000000000000004
milk,Premium,Sid's Farm A2 Buffalo Double Toned Fresh Milk | Pouch| 500.0 - MILLILITRE,Grocery & Kitchen,"Dairy, Bread & Eggs",Sid's Farm,a2390b03-73c7-437d-b9d1-32e3d796772d,44,Fresh Buffalo Milk,0.014957999,35,1,1.031754600960995,0,0.1058486698699831,200.4571652504685,24.000000000000004
milk,Premium,Amul Gold Premium Full Cream Fresh Milk | Bottle| 1.0 - LITER,Grocery & Kitchen,"Dairy, Bread & Eggs",Amul,3503237c-6beb-4eff-9d9f-72ca917b8814,90,Fresh Cow Milk,0.019810468,36,1,1.1126302209652223,0,0.3754340698840747,200.4571652504685,24.000000000000004
milk,Premium,Amul Gold Homogenised Standardised Milk (Tetra Pack)| 1.0 - LITER,Grocery & Kitchen,"Dairy, Bread & Eggs",Amul,ff393466-31a4-4aba-a51b-a787c39ef57e,80.02994011976048,Tetra Pack Milk,0.021724883,37,1,1.1126302209652223,0,0.37543406988407474,200.4571652504685,24.000000000000004
milk,Premium,Hatsun Toned Cow Fresh Milk | Pouch| 500.0 - MILLILITRE,Grocery & Kitchen,"Dairy, Bread & Eggs",Hatsun,306efce3-0f76-4b91-b7d8-317d09e049ea,30,Fresh Cow Milk,0.00461194,38,0.9472652410029654,1.0014566359907067,0,0.004855453302355665,200.4571652504685,24.000000000000004
milk,Premium,Nandini Goodlife Slim Skimmed Milk UHT (Tetra Pack)| 500.0 - MILLILITRE,Grocery & Kitchen,"Dairy, Bread & Eggs",Nandini,205272e0-ba4c-4b0b-9165-a57fe603a9b5,35.972727272727276,Tetra Pack Milk,0.007130886,39,1,1.3,0,1,200.4571652504685,24.000000000000004
milk,Premium,Nandini Goodlife Slim Skimmed Milk UHT (Tetra Pack Brik)| 1.0 - LITER,Grocery & Kitchen,"Dairy, Bread & Eggs",Nandini,053a43dd-d1bd-48cc-bcb5-754a270c53f2,71.02424242424243,Tetra Pack Milk,0.006850656,40,1,1.3,0,1,200.4571652504685,24.000000000000004
milk,Premium,Mother Dairy Toned Fresh Milk | Pouch| 500.0 - MILLILITRE,Grocery & Kitchen,"Dairy, Bread & Eggs",Mother Dairy,b3da2d29-caf2-4c0e-9634-94d82008ae70,27,Toned Milk,0.004820046,41,0.5,1.0162266397585868,0,0.054088799195289396,200.4571652504685,24.000000000000004
milk,Premium,Heritage Farm Fresh Toned Tetra pack Milk| 1.0 - LITER,Grocery & Kitchen,"Dairy, Bread & Eggs",Heritage,a46ee3f6-6822-455b-8f54-a771880c35cb,66.12883435582822,Tetra Pack Milk,0.006074804,42,1,1.06642978053121,0,0.22143260177069984,200.4571652504685,24.000000000000004
milk,Premium,Amul Slim Trim Skimmed Milk (Tetra Pack)| 1.0 - LITER,Grocery & Kitchen,"Dairy, Bread & Eggs",Amul,11cca7b6-7d07-4e6e-a799-0fcf85f7b5da,81.95151515151515,Tetra Pack Milk,0.021433044,43,1,1.1126302209652223,0,0.3754340698840747,200.4571652504685,24.000000000000004
milk,Premium,Godrej Jersey Rich Toned Fresh Milk | Pouch| 500.0 - MILLILITRE,Grocery & Kitchen,"Dairy, Bread & Eggs",Godrej Jersey,06fcc6ce-bae2-483f-8684-3a58da130d76,30,Toned Milk,0.0033075542,44,0.9472652410029654,1.0187889642160102,0,0.06262988072003411,200.4571652504685,24.000000000000004
milk,Premium,Humpy Farms A2 UHT Cow Milk (Pouch)| 450.0 - MILLILITRE,Grocery & Kitchen,"Dairy, Bread & Eggs",Humpy Farms,84b935ca-9ec7-4910-88bf-2c37fb36ccf1,53.993788819875775,Tetra Pack Milk,0.011804378,45,1,1.0041199887469963,0,0.013733295823321223,200.4571652504685,24.000000000000004
milk,Premium,Godrej Jersey Standardized Fresh Milk | Pouch| 500.0 - MILLILITRE,Grocery & Kitchen,"Dairy, Bread & Eggs",Godrej Jersey,fc257c47-9d68-4e3a-aa81-6fb6df3f865c,33,Fresh Cow Milk,0.0035206722,46,1,1.0187889642160102,0,0.06262988072003411,200.4571652504685,24.000000000000004
milk,Premium,Arokya Full Cream Fresh Milk | Pouch| 500.0 - MILLILITRE,Grocery & Kitchen,"Dairy, Bread & Eggs",Arokya,6ce2d5e9-61a8-42f1-aa7b-d9deb8fbbf76,40,Toned Milk,0.009499676,47,1,1.0566493993832173,0,0.18883133127739082,200.4571652504685,24.000000000000004
milk,Premium,Amul Taaza Toned Fresh Milk | Pouch| 1.0 - LITER,Grocery & Kitchen,"Dairy, Bread & Eggs",Amul,faabc8db-cb19-4021-9a0f-77e1011baa4c,54,Toned Milk,0.002933244,48,1,1.1126302209652223,0,0.37543406988407474,200.4571652504685,24.000000000000004
milk,Premium,Mother Dairy Ultra Full Cream Fresh Milk | Pouch| 500.0 - MILLILITRE,Grocery & Kitchen,"Dairy, Bread & Eggs",Mother Dairy,23a2000b-34ec-4585-913b-5df7dcd885c8,38,Toned Milk,0.009681174,49,1,1.0162266397585868,0,0.054088799195289396,200.4571652504685,24.000000000000004
milk,Premium,Akshayakalpa Organic Cow Milk - Uht| 1.0 - LITER,Grocery & Kitchen,"Dairy, Bread & Eggs",Akshayakalpa,cfc168c0-bb8d-4614-bcb4-bd1f115c048e,126.03048780487805,Tetra Pack Milk,0.014788374,50,1,1.0742605488373962,0,0.24753516279132076,200.4571652504685,24.000000000000004
paneer,Premium,Nandini Fresh Paneer (Pouch)| 200.0 - GRAM,Grocery & Kitchen,"Dairy, Bread & Eggs",Nandini,be889ba2-ef6e-4e34-a40c-b979419d82cc,87.77575757575758,Paneer,0.1474843,1,0.09874260470992152,1.8716373136611733,0.8531155306711629,0.9148548073045316,22639.957677435887,87
paneer,Premium,Milky Mist Paneer| 200.0 - GRAM,Grocery & Kitchen,"Dairy, Bread & Eggs",Milky Mist,861549d8-effd-49de-a2d3-d2ffd3c7333d,91.53012048192771,Paneer,0.157645,2,0.5646097647482212,1.9483220800817576,1,0.8277402669391919,22639.957677435887,87
paneer,Premium,Amul Fresh Malai Paneer| 200.0 - GRAM,Grocery & Kitchen,"Dairy, Bread & Eggs",Amul,54099eb2-2d08-4013-a822-a3eebc72f19f,88.36875,Paneer,0.17481683,3,0.17363514727577434,1.8553169337464384,0.7933099053520547,1,22639.957677435887,87
paneer,Premium,Milky Mist Paneer| 500.0 - GRAM,Grocery & Kitchen,"Dairy, Bread & Eggs",Milky Mist,4e9c62d1-8575-40b3-a3ba-b02a84c7ed1b,201.53658536585365,Paneer,0.13169649,4,1,1.7855056450080862,0.7674050927518978,0.8277402669391921,22639.957677435887,87
paneer,Premium,Heritage Fresh Paneer| 200.0 - GRAM,Grocery & Kitchen,"Dairy, Bread & Eggs",Heritage,030e4b73-2373-479b-a013-f1e48ee8ab37,82.2969696969697,Paneer,0.10874738,5,0,1.1563104138615679,0,0.521034712871893,22639.957677435887,87
paneer,Premium,Nandini Fresh Paneer (Pouch)| 500.0 - GRAM,Grocery & Kitchen,"Dairy, Bread & Eggs",Nandini,d659bcb1-a7a3-42af-99dd-d849e3d4268a,187.0245398773006,Paneer,0.0939938,6,1,1.2744564421913593,0,0.9148548073045315,22639.957677435887,87
paneer,Premium,Akshayakalpa Organic Malai Paneer| 200.0 - GRAM,Grocery & Kitchen,"Dairy, Bread & Eggs",Akshayakalpa,a5b27839-d7bb-4c42-9687-16ba67ea2d83,123.52147239263803,Paneer,0.20013615,7,1,1.1401685303538904,0,0.46722843451296814,22639.957677435887,87
paneer,Premium,Milky Mist High Protein Paneer| 200.0 - GRAM,Grocery & Kitchen,"Dairy, Bread & Eggs",Milky Mist,7c8ea69b-fd38-47ed-b212-75f6c825affd,96.20987654320987,Paneer,0.101514384,8,1,1.2483220800817576,0,0.827740266939192,22639.957677435887,87
paneer,Premium,Mother Dairy Fresh Paneer| 200.0 - GRAM,Grocery & Kitchen,"Dairy, Bread & Eggs",Mother Dairy,5e98a85b-2ced-4cac-873c-40f2290bd7a6,87.74193548387096,Paneer,0.0567637,9,0.09445577271532,1.0488379501303857,0,0.16279316710128594,22639.957677435887,87
paneer,Premium,Gowardhan Fresh Paneer- Block| 200.0 - GRAM,Grocery & Kitchen,"Dairy, Bread & Eggs",Gowardhan,635f0d0b-7749-4fc1-86c8-3f7f8b1c97ba,94.86585365853658,Paneer,0.050183963,10,0.9627701435287118,1.0660003196715486,0,0.220001065571829,22639.957677435887,87
paneer,Premium,Desi Farms Low Fat Paneer| 200.0 - GRAM,Grocery & Kitchen,"Dairy, Bread & Eggs",Desi Farms,5c5e2f50-e1a9-4df1-a858-68354a231cc3,71.98726114649682,Paneer,0.03383737,11,0,1.0289618540096852,0,0.09653951336561747,22639.957677435887,87
paneer,Premium,Country Delight - Taaza Paneer| 180.0 - GRAM,Grocery & Kitchen,"Dairy, Bread & Eggs",Country Delight,d8ebbf8c-7b12-401d-a25b-b405b16f5125,108.66666666666667,Paneer,0.06756565,12,1,1.0514046944200839,0,0.17134898140027938,22639.957677435887,87
paneer,Premium,Godrej Jersey Fresh Paneer| 200.0 - GRAM,Grocery & Kitchen,"Dairy, Bread & Eggs",Godrej Jersey,24857697-ce99-4a69-b390-49b23f2a1a48,92.04458598726114,Paneer,0.0329925,13,0.626954739063285,1.0306453081158786,0,0.10215102705292889,22639.957677435887,87
paneer,Premium,iD Fresh Soft & Creamy Paneer| 200.0 - GRAM,Grocery & Kitchen,"Dairy, Bread & Eggs",iD Fresh,29e0f66e-aed9-4d7b-a656-b62e7e8110b2,136.49056603773585,Paneer,0.03837154,14,1,1,0,0,22639.957677435887,87
paneer,Premium,Sid's Farm Malai Paneer| 200.0 - GRAM,Grocery & Kitchen,"Dairy, Bread & Eggs",Sid's Farm,040345fd-5a29-4d59-b178-dc95de72af18,128.75757575757575,Paneer,0.04534113,15,1,1.0326375635564968,0,0.10879187852165616,22639.957677435887,87
paneer,Premium,Akshayakalpa Organic High Protein Paneer| 200.0 - GRAM,Grocery & Kitchen,"Dairy, Bread & Eggs",Akshayakalpa,01b9375e-f09c-4447-9a16-8d32a4bd267a,151.25974025974025,Paneer,0.043449778,16,1,1.1401685303538904,0,0.46722843451296814,22639.957677435887,87
paneer,Premium,Amul Frozen Malai Paneer| 250.0 - GRAM,Grocery & Kitchen,"Dairy, Bread & Eggs",Amul,c1c27dac-4402-44c4-88ee-2c23b17fe76d,102.33108108108108,Paneer,0.016605781,17,1,1.3,0,1,22639.957677435887,87
paneer,Premium,Milky Mist High Protein Paneer| 500.0 - GRAM,Grocery & Kitchen,"Dairy, Bread & Eggs",Milky Mist,84fdc7ff-58ad-47fa-b533-60527fed6e73,276.7579617834395,Paneer,0.01774944,18,1,1.2483220800817576,0,0.8277402669391917,22639.957677435887,87
paneer,Premium,Hatsun Fresh Paneer| 199.0 - GRAM,Grocery & Kitchen,"Dairy, Bread & Eggs",Hatsun,1232ac7d-b9e2-4f44-aa9e-e4aea9b70fa6,127.05590062111801,Paneer,0.020928053,19,1,1.054726043352644,0,0.18242014450881353,22639.957677435887,87
paneer,Premium,Heritage Fresh Paneer| 500.0 - GRAM,Grocery & Kitchen,"Dairy, Bread & Eggs",Heritage,cbe9a32d-e078-4fc8-ae4c-d468163e5b5d,238.0728476821192,Paneer,0.018649725,20,1,1.1563104138615679,0,0.521034712871893,22639.957677435887,87
paneer,Premium,Gowardhan Paneer Pouch| 500.0 - GRAM,Grocery & Kitchen,"Dairy, Bread & Eggs",Gowardhan,1aeea0a9-50d3-4fc1-b29a-e4472cf66067,219.42592592592592,Paneer,0.019189943,21,1,1.0660003196715486,0,0.22000106557182897,22639.957677435887,87
paneer,Premium,Godrej Jersey Medium Fat Paneer| 200.0 - GRAM,Grocery & Kitchen,"Dairy, Bread & Eggs",Godrej Jersey,896e1c65-051d-4e93-9592-3a441248a5de,88.24358974358974,Paneer,0.0077606933,22,0.15786984261394246,1.0306453081158786,0,0.10215102705292892,22639.957677435887,87
paneer,Premium,Desi Farms A2 Paneer| 200.0 - GRAM,Grocery & Kitchen,"Dairy, Bread & Eggs",Desi Farms,b0c6e3da-a000-410d-b136-09db332a8aa1,102.98726114649682,Paneer,0.008017346,23,1,1.0289618540096852,0,0.09653951336561743,22639.957677435887,87
paneer,Premium,Ananda Fresh Premium Paneer| 200.0 - GRAM,Grocery & Kitchen,"Dairy, Bread & Eggs",Ananda,6a4fa9c3-864b-4b7f-9b69-2213c5fb50c8,96.5,Paneer,0.0040967003,24,1,1.0234652100765382,0,0.07821736692179443,22639.957677435887,87
paneer,Premium,Namdhari's Dairy Tales Paneer| 200.0 - GRAM,Grocery & Kitchen,"Dairy, Bread & Eggs",Dairy Tales,5e22c59a-7f19-4a3c-8bc2-9504141f859d,108.81879194630872,Paneer,0.0037109444,25,1,1,0,0,22639.957677435887,87
paneer,Premium,Godrej Jersey Fresh Soft Paneer| 500.0 - GRAM,Grocery & Kitchen,"Dairy, Bread & Eggs",Godrej Jersey,2bd6c687-f4ad-4a91-a498-544ed2c6ff07,230.80536912751677,Paneer,0.0053377817,26,1,1.0306453081158786,0,0.10215102705292889,22639.957677435887,87
paneer,Premium,Amul Frozen Malai Paneer| 200.0 - GRAM,Grocery & Kitchen,"Dairy, Bread & Eggs",Amul,be2169df-40ac-4f12-8f21-4118cd5e5fa3,92.94666666666667,Paneer,0.0029340584,27,0.7354359502546788,1.3,0,1,22639.957677435887,87
paneer,Premium,Desi farms Buffalo Malai Paneer| 200.0 - GRAM,Grocery & Kitchen,"Dairy, Bread & Eggs",Desi Farms,0876c044-d792-4018-a258-9251ce45e00d,93.76433121019109,Paneer,0.0033351395,28,0.8328597215345984,1.0289618540096852,0,0.09653951336561745,22639.957677435887,87
paneer,Premium,Namdhari's Dairy Tales A2 Paneer| 200.0 - GRAM,Grocery & Kitchen,"Dairy, Bread & Eggs",Dairy Tales,cc1b83c6-3b03-444e-949d-7f2f073bf121,124,Paneer,0.0029473659,29,1,1,0,0,22639.957677435887,87
paneer,Premium,Humpy Farms A2 Paneer| 200.0 - GRAM,Grocery & Kitchen,"Dairy, Bread & Eggs",Humpy Farms,ef56e226-a538-4e80-ab0e-33c1cd42e537,174.97972972972974,Paneer,0.002968378,30,1,1.016040487382999,0,0.05346829127666306,22639.957677435887,87
paneer,Premium,Milky Mist Fresh Malai Paneer Cubes| 200.0 - GRAM,Grocery & Kitchen,"Dairy, Bread & Eggs",Milky Mist,78252ea0-1494-4245-bc71-f2cd8e5b30d8,106.68181818181819,Paneer,0.0014232585,31,1,1.2483220800817576,0,0.8277402669391917,22639.957677435887,87
curd,Mass,Nandini Thick Curd Pouch| 500.0 - MILLILITRE,Grocery & Kitchen,"Dairy, Bread & Eggs",Nandini,f05fb698-1b4a-4c68-a16a-1dbc018ccb0c,27.820359281437124,Curd,0.20773372,1,0.4791229942390875,2,1,1,121.49141829942802,24.000000000000004
curd,Mass,Amul Curd Pouch| 450.0 - GRAM,Grocery & Kitchen,"Dairy, Bread & Eggs",Amul,39943e9a-a149-4b3b-8aab-d7cb81119521,24.00625,Curd,0.11308294,2,0.0008445722212321818,1.5862802274620544,0.5608306613343517,0.6456625484266943,121.49141829942802,24.000000000000004
curd,Mass,Heritage Total Curd Pouch| 475.0 - GRAM,Grocery & Kitchen,"Dairy, Bread & Eggs",Heritage,6fe48002-44ec-4c37-af80-7034d3fc6db6,28.834355828220858,Curd,0.08952112,3,0.5952414765510216,1.341223800460693,0.36187421964089106,0.2930394890402305,121.49141829942802,24.000000000000004
curd,Mass,Amul Curd Pouch| 900.0 - GRAM,Grocery & Kitchen,"Dairy, Bread & Eggs",Amul,cb1308a4-ab3d-4425-b27d-cd08048bc339,48.0377358490566,Curd,0.058246553,4,1,1.3912744881680417,0.2822510337714762,0.6456625484266943,121.49141829942802,24.000000000000004
curd,Mass,Hatsun Curd Pouch| 500.0 - GRAM,Grocery & Kitchen,"Dairy, Bread & Eggs",Hatsun,b87ff0cd-08a4-4d2d-972d-0e458dc67d85,36.1,Curd,0.061393443,5,1,1.290259217251114,0.2645623327366951,0.350218614451425,121.49141829942802,24.000000000000004
curd,Mass,Milky Mist Curd Pouch| 400.0 - GRAM,Grocery & Kitchen,"Dairy, Bread & Eggs",Milky Mist,06806c10-0b66-4131-8279-ccf912d0758e,37.2710843373494,Curd,0.17312607,6,1,1.3698687326501395,0.34927383127899353,0.4179235025161473,121.49141829942802,24.000000000000004
curd,Mass,Amul Masti Curd Pouch| 450.0 - GRAM,Grocery & Kitchen,"Dairy, Bread & Eggs",Amul,3f3d772a-04a4-4236-8dd5-e848d99c459a,33.7939393939394,Curd,0.035223767,7,1,1.1936987645280084,0,0.6456625484266945,121.49141829942802,24.000000000000004
curd,Mass,Hatsun Cup Curd| 200.0 - GRAM,Grocery & Kitchen,"Dairy, Bread & Eggs",Hatsun,6f523e85-b003-44f4-973c-49d125ef0131,24.944444444444443,Curd,0.05414479,8,0.12519341316365307,1.1050655843354276,0,0.35021861445142494,121.49141829942802,24.000000000000004
curd,Mass,Akshayakalpa Organic Curd Pouch| 200.0 - GRAM,Grocery & Kitchen,"Dairy, Bread & Eggs",Akshayakalpa,75a475ab-2a64-4004-9c60-692cc836ffda,22.96969696969697,Curd,0.049197175,9,0,1.172631847907174,0,0.5754394930239133,121.49141829942802,24.000000000000004
curd,Mass,Milky Mist Curd Pouch| 200.0 - GRAM,Grocery & Kitchen,"Dairy, Bread & Eggs",Milky Mist,416e4686-db40-4ccd-b601-910d88fdb8ad,18.70552147239264,Curd,0.030850518,10,0,1.1253770507548442,0,0.4179235025161474,121.49141829942802,24.000000000000004
curd,Mass,Akshayakalpa Organic Probiotic Curd Pouch| 500.0 - GRAM,Grocery & Kitchen,"Dairy, Bread & Eggs",Akshayakalpa,d13a1bd1-aeaa-4388-9f32-2be8b1815ae7,50.84848484848485,Curd,0.05188342,11,1,1.172631847907174,0,0.5754394930239133,121.49141829942802,24.000000000000004
curd,Mass,Milky Mist Set Curd Tub| 1.0 - LITER,Grocery & Kitchen,"Dairy, Bread & Eggs",Milky Mist,0af6a1a5-373b-4ddb-a661-cefc7f18298e,100.144578313253,Curd,0.05617386,12,1,1.1253770507548442,0,0.41792350251614735,121.49141829942802,24.000000000000004
curd,Mass,Akshayakalpa Artisanal Organic Set Curd Cup| 1.0 - KILOGRAM,Grocery & Kitchen,"Dairy, Bread & Eggs",Akshayakalpa,0e7d1f54-816e-4461-9f79-a651a41fec02,144.97575757575757,Curd,0.04553974,13,1,1.172631847907174,0,0.5754394930239133,121.49141829942802,24.000000000000004
curd,Mass,Akshayakalpa Amrutha A2 Organic Curd Pouch| 500.0 - GRAM,Grocery & Kitchen,"Dairy, Bread & Eggs",Akshayakalpa,22c5e201-2f80-43b6-9476-5822b97d4958,65.0060606060606,Curd,0.03647478,14,1,1.172631847907174,0,0.5754394930239135,121.49141829942802,24.000000000000004
curd,Mass,Heritage Total Curd Tub| 1.0 - KILOGRAM,Grocery & Kitchen,"Dairy, Bread & Eggs",Heritage,23a90a6f-2dab-4bd1-a911-bfd3ab97648c,94.8780487804878,Curd,0.03862759,15,1,1.0879118467120692,0,0.2930394890402306,121.49141829942802,24.000000000000004
curd,Mass,Milky Mist Plain Curd Cup| 400.0 - GRAM,Grocery & Kitchen,"Dairy, Bread & Eggs",Milky Mist,1363a5ff-b43b-439b-a814-a0982e8559de,55.018181818181816,Curd,0.028896904,16,1,1.1253770507548442,0,0.41792350251614735,121.49141829942802,24.000000000000004
curd,Mass,Heritage Total Curd Tub| 400.0 - GRAM,Grocery & Kitchen,"Dairy, Bread & Eggs",Heritage,d3e8e9e0-7e0f-4fcd-8725-a6b64409b5ad,45.79141104294479,Curd,0.03273197,17,1,1.0879118467120692,0,0.2930394890402305,121.49141829942802,24.000000000000004
curd,Mass,Godrej Jersey Curd Pouch| 425.0 - GRAM,Grocery & Kitchen,"Dairy, Bread & Eggs",Godrej Jersey,499acf6d-714c-467a-8ec5-edfb6cf67854,28.937888198757765,Curd,0.013406303,18,0.6068669846089902,1.0228020505558424,0,0.0760068351861411,121.49141829942802,24.000000000000004
curd,Mass,Akshayakalpa Artisanal Organic Set Curd Cup| 400.0 - GRAM,Grocery & Kitchen,"Dairy, Bread & Eggs",Akshayakalpa,a1f91e85-5ccc-4d8e-921a-b81ca9f8d896,74.80722891566265,Curd,0.02280099,19,1,1.172631847907174,0,0.5754394930239135,121.49141829942802,24.000000000000004
curd,Mass,Milky Mist Plain Curd Cup| 200.0 - GRAM,Grocery & Kitchen,"Dairy, Bread & Eggs",Milky Mist,72f7f613-1f5a-4344-b657-4b5eee10868b,32.49693251533742,Curd,0.020419123,20,0.9831026069085935,1.1253770507548442,0,0.4179235025161473,121.49141829942802,24.000000000000004
curd,Mass,Amul Masti Dahi Cup| 200.0 - GRAM,Grocery & Kitchen,"Dairy, Bread & Eggs",Amul,51c1f355-3a4d-4ae2-a459-048b73108e6f,22.9873417721519,Curd,0.053339962,21,0,1.1936987645280084,0,0.6456625484266947,121.49141829942802,24.000000000000004
curd,Mass,Amul Masti Set Curd Tub| 1.0 - KILOGRAM,Grocery & Kitchen,"Dairy, Bread & Eggs",Amul,cf8c88da-d6d3-40af-893c-db15c351513b,94.84848484848484,Curd,0.025311094,22,1,1.1936987645280084,0,0.6456625484266945,121.49141829942802,24.000000000000004
curd,Mass,Sid's Farm Curd Pouch| 450.0 - GRAM,Grocery & Kitchen,"Dairy, Bread & Eggs",Sid's Farm,1fac9173-620c-4cd4-96ba-2c39043c29e9,51.515337423312886,Curd,0.03949327,23,1,1.0284702778570542,0,0.09490092619018055,121.49141829942802,24.000000000000004
curd,Mass,Mother Dairy Mishti Doi Cup| 80.0 - GRAM,Grocery & Kitchen,"Dairy, Bread & Eggs",Mother Dairy,37060eb0-9096-472e-b057-038dd780971d,19.957055214723926,Curd,0.018061183,24,0,1.0383762451390086,0,0.127920817130029,121.49141829942802,24.000000000000004
curd,Mass,Hatsun Cup Curd| 400.0 - GRAM,Grocery & Kitchen,"Dairy, Bread & Eggs",Hatsun,cad89a81-5551-4d0d-b99a-2809a4623206,49.86335403726708,Curd,0.017581776,25,1,1.1050655843354276,0,0.35021861445142505,121.49141829942802,24.000000000000004
curd,Mass,Mother Dairy Classic Dahi Cup| 400.0 - GRAM,Grocery & Kitchen,"Dairy, Bread & Eggs",Mother Dairy,11aef640-1525-4c3e-bda8-fb72b89225ed,45,Curd,0.020229958,26,1,1.0383762451390086,0,0.127920817130029,121.49141829942802,24.000000000000004
curd,Mass,Country Delight | Ghar Jaisa Dahi Cup| 400.0 - GRAM,Grocery & Kitchen,"Dairy, Bread & Eggs",Country Delight,b0e9defa-42c5-44ab-88a1-1d9d2a26bb37,67.7948717948718,Curd,0.017188845,27,1,1.0270001952922787,0,0.09000065097426206,121.49141829942802,24.000000000000004
curd,Mass,Hatsun Curd Tub| 1.0 - KILOGRAM,Grocery & Kitchen,"Dairy, Bread & Eggs",Hatsun,d1469ad2-08a1-426c-bc7f-3073feee548d,100.425,Curd,0.014329586,28,1,1.1050655843354276,0,0.3502186144514251,121.49141829942802,24.000000000000004
curd,Mass,Amul Masti Dahi Cup| 400.0 - GRAM,Grocery & Kitchen,"Dairy, Bread & Eggs",Amul,c3c7b54e-83ab-40f0-8ba3-09d8633831bc,47.98765432098765,Curd,0.016894301,29,1,1.1936987645280084,0,0.6456625484266945,121.49141829942802,24.000000000000004
curd,Mass,Heritage Total Curd Pouch| 1.0 - KILOGRAM,Grocery & Kitchen,"Dairy, Bread & Eggs",Heritage,06790095-6e9b-4170-be00-9562e169c314,65.01123595505618,Curd,0.01827597,30,1,1.0879118467120692,0,0.29303948904023064,121.49141829942802,24.000000000000004
curd,Mass,Milky Mist Mishti Doi Cup| 100.0 - GRAM,Grocery & Kitchen,"Dairy, Bread & Eggs",Milky Mist,8f671df4-6007-4ebf-9ecb-450e70c54801,23.33128834355828,Curd,0.009325163,31,0,1.1253770507548442,0,0.4179235025161473,121.49141829942802,24.000000000000004
curd,Mass,Desi farms Low Fat Dahi Pouch| 400.0 - GRAM,Grocery & Kitchen,"Dairy, Bread & Eggs",Desi Farms,d89c02eb-3c62-44ca-8707-9db3f18025ae,24,Curd,0.008975511,32,0,1.0200093310113048,0,0.06669777003768237,121.49141829942802,24.000000000000004
curd,Mass,Amul High Protein Cup Dahi| 400.0 - GRAM,Grocery & Kitchen,"Dairy, Bread & Eggs",Amul,e90e8c07-553f-4169-9c44-cb468b6b2741,69.59375,Curd,0.01226354,33,1,1.1936987645280084,0,0.6456625484266942,121.49141829942802,24.000000000000004
curd,Mass,Godrej Jersey Curd Pouch| 1.0 - KILOGRAM,Grocery & Kitchen,"Dairy, Bread & Eggs",Godrej Jersey,34cb1ac2-0680-4c50-96ed-9f1480024d28,65.35403726708074,Curd,0.020864816,34,1,1.0228020505558424,0,0.0760068351861411,121.49141829942802,24.000000000000004
curd,Mass,Milky Mist Probiotic Curd Cup| 400.0 - GRAM,Grocery & Kitchen,"Dairy, Bread & Eggs",Milky Mist,d26207e4-d61b-473c-9934-a4d47adca6f8,59.717791411042946,Curd,0.0112867365,35,1,1.1253770507548442,0,0.4179235025161474,121.49141829942802,24.000000000000004
curd,Mass,Godrej Jersey Curd Tub| 1.0 - KILOGRAM,Grocery & Kitchen,"Dairy, Bread & Eggs",Godrej Jersey,ce6fac84-94c2-4a22-b52c-7ba92c8a15d7,92.9192546583851,Curd,0.013156787,36,1,1.0228020505558424,0,0.07600683518614108,121.49141829942802,24.000000000000004
curd,Mass,Milky Mist Probiotic Curd Cup| 200.0 - GRAM,Grocery & Kitchen,"Dairy, Bread & Eggs",Milky Mist,fa890e06-e218-445a-9a0d-c42f6c73ecd7,31.68944099378882,Curd,0.009709375,37,0.9014871153367512,1.1253770507548442,0,0.4179235025161474,121.49141829942802,24.000000000000004
curd,Mass,Mother Dairy Mishti Doi Cup| 400.0 - GRAM,Grocery & Kitchen,"Dairy, Bread & Eggs",Mother Dairy,867c532d-78ee-4b54-a623-fb0f86411a53,74.8159509202454,Curd,0.008871154,38,1,1.0383762451390086,0,0.127920817130029,121.49141829942802,24.000000000000004
curd,Mass,Sids Farm Cow Curd Cup| 400.0 - GRAM,Grocery & Kitchen,"Dairy, Bread & Eggs",Sid's Farm,7e56925a-9fda-4ee8-9c34-1e933e0077dc,72.63125,Curd,0.00988614,39,1,1.0284702778570542,0,0.09490092619018053,121.49141829942802,24.000000000000004
curd,Mass,Mother Dairy Thick & Tasty Curd Pouch| 460.0 - GRAM,Grocery & Kitchen,"Dairy, Bread & Eggs",Mother Dairy,71080671-b2e5-414c-8f7d-822ae1db046d,35.98026315789474,Curd,0.005765661,40,1,1.0383762451390086,0,0.127920817130029,121.49141829942802,24.000000000000004
curd,Mass,Sids Farm Buffalo Cup Curd| 400.0 - GRAM,Grocery & Kitchen,"Dairy, Bread & Eggs",Sid's Farm,ae7ae4f1-3095-46e7-bc9f-46c846b30bcb,81.32530120481928,Curd,0.010495828,41,1,1.0284702778570542,0,0.09490092619018055,121.49141829942802,24.000000000000004
curd,Mass,Country Delight | Low Fat Dahi Pouch| 400.0 - GRAM,Grocery & Kitchen,"Dairy, Bread & Eggs",Country Delight,95fb899f-fe41-4381-b838-ed6ab6b420eb,56.83974358974359,Curd,0.008465284,42,1,1.0270001952922787,0,0.09000065097426203,121.49141829942802,24.000000000000004
curd,Mass,iD Fresh Curd Pouch| 400.0 - GRAM,Grocery & Kitchen,"Dairy, Bread & Eggs",iD Fresh,94d95b67-8c7a-4934-b027-d485118b0003,47.8125,Curd,0.008987119,43,1,1,0,0,121.49141829942802,24.000000000000004
curd,Mass,Desi Farms Malai Dahi Cup| 200.0 - GRAM,Grocery & Kitchen,"Dairy, Bread & Eggs",Desi Farms,1a99ac3c-aaf7-4e0b-a822-a373717e27a9,24,Curd,0.0113635715,44,0,1.0200093310113048,0,0.0666977700376824,121.49141829942802,24.000000000000004
curd,Mass,Milky Mist Probiotic Curd Tub| 1.0 - KILOGRAM,Grocery & Kitchen,"Dairy, Bread & Eggs",Milky Mist,61ae2733-9ff4-4968-9271-b119c38b37f1,109.96551724137932,Curd,0.0070165126,45,1,1.1253770507548442,0,0.41792350251614724,121.49141829942802,24.000000000000004
curd,Mass,Heritage Sampurna A2 Curd Tub| 1.0 - KILOGRAM,Grocery & Kitchen,"Dairy, Bread & Eggs",Heritage,6bf52672-9a74-4f97-b3c2-9250f7cce0d8,136.88957055214723,Curd,0.008764026,46,1,1.0879118467120692,0,0.2930394890402306,121.49141829942802,24.000000000000004
curd,Mass,Amul Curd Pouch| 800.0 - GRAM,Grocery & Kitchen,"Dairy, Bread & Eggs",Amul,aa562171-ba45-4878-b38f-e7b9e9d9af04,50,Curd,0.0038651146,47,1,1.1936987645280084,0,0.6456625484266943,121.49141829942802,24.000000000000004
curd,Mass,Desi Farms Creamy & Thick Dahi Tub| 1.0 - KILOGRAM,Grocery & Kitchen,"Dairy, Bread & Eggs",Desi Farms,469f147b-c676-47c9-b2da-1e90a421e984,85.96815286624204,Curd,0.008065988,48,1,1.0200093310113048,0,0.06669777003768239,121.49141829942802,24.000000000000004
curd,Mass,Mother Dairy Thick & Tasty Curd Tub| 1.0 - KILOGRAM,Grocery & Kitchen,"Dairy, Bread & Eggs",Mother Dairy,31ddcfa7-0114-4343-9bac-7ae170f23db6,97.89473684210526,Curd,0.0050835907,49,1,1.0383762451390086,0,0.127920817130029,121.49141829942802,24.000000000000004
curd,Mass,Desi Farms Low Fat Dahi Cup| 400.0 - GRAM,Grocery & Kitchen,"Dairy, Bread & Eggs",Desi Farms,6b892033-4ec6-476e-900d-51968c7a1d95,38.99363057324841,Curd,0.007073572,50,1,1.0200093310113048,0,0.06669777003768239,121.49141829942802,24.000000000000004
milk,Mass,Nandini Toned Fresh Milk | Pouch| 500.0 - MILLILITRE,Grocery & Kitchen,"Dairy, Bread & Eggs",Nandini,25eb526c-9c26-48cd-95a3-8e4058910f8a,23.911242603550296,Toned Milk,0.21634842,1,0,2,1,1,200.4571652504685,24.000000000000004
milk,Mass,Nandini Standardized Fresh Milk | Pouch| 500.0 - MILLILITRE,Grocery & Kitchen,"Dairy, Bread & Eggs",Nandini,0cfdcd21-abb4-4151-bd80-f833942fa524,26.91715976331361,Fresh Cow Milk,0.16153839,2,0.48695536526005717,1.999988582896766,0.999983689852523,1,200.4571652504685,24.000000000000004
milk,Mass,Nandini Goodlife Toned UHT Milk (Fino Pouch)| 500.0 - MILLILITRE,Grocery & Kitchen,"Dairy, Bread & Eggs",Nandini,b01c94d5-7fa9-4119-b157-5e401def1280,31.012048192771083,Tetra Pack Milk,0.047465645,3,1,1.5890786428238908,0.41296948974841524,1,200.4571652504685,24.000000000000004
milk,Mass,Heritage Toned Fresh Milk | Pouch| 500.0 - MILLILITRE,Grocery & Kitchen,"Dairy, Bread & Eggs",Heritage,fdf82a8b-a576-417f-b6df-a40d37e25634,25.952380952380953,Toned Milk,0.31262416,4,0.33200675358733867,1.4754966529129474,0.584381246259625,0.2214326017706998,200.4571652504685,24.000000000000004
milk,Mass,Amul Gold Full Cream Fresh Milk | Pouch| 500.0 - MILLILITRE,Grocery & Kitchen,"Dairy, Bread & Eggs",Amul,51d55eac-ca29-4532-9b32-9b7d317f346a,32.94642857142857,Toned Milk,0.12956868,5,1,1.447133549086763,0.47786189731648665,0.3754340698840748,200.4571652504685,24.000000000000004
milk,Mass,Amul Taaza Homogenised Toned Milk (Tetra Pack)| 200.0 - MILLILITRE,Grocery & Kitchen,"Dairy, Bread & Eggs",Amul,2a231315-2b07-4de0-af4a-3a4f9c48ad0c,16.012345679012345,Tetra Pack Milk,0.064510666,6,0,1.1126302209652223,0,0.3754340698840747,200.4571652504685,24.000000000000004
milk,Mass,Nandini Good Life Toned UHT Milk (Fino Pouch)| 180.0 - MILLILITRE,Grocery & Kitchen,"Dairy, Bread & Eggs",Nandini,17ce1910-171f-4aac-8fcb-86d96d679487,13.981707317073171,Tetra Pack Milk,0.03844793,7,0,1.5448789212807756,0.34982703040110796,1,200.4571652504685,24.000000000000004
milk,Mass,Arokya Toned Fresh Milk | Pouch| 500.0 - MILLILITRE,Grocery & Kitchen,"Dairy, Bread & Eggs",Arokya,edc180a1-cb0b-4824-b10e-1c306f1aacae,26,Toned Milk,0.20708849,8,0.3397887786958155,1.346705993812292,0.4143665634701067,0.18883133127739085,200.4571652504685,24.000000000000004
milk,Mass,Amul Taaza Toned Fresh Milk | Pouch| 500.0 - MILLILITRE,Grocery & Kitchen,"Dairy, Bread & Eggs",Amul,9d447ba5-1d35-46e1-bc64-e932135d026f,27.957831325301203,Toned Milk,0.2699337,9,0.6479860180459455,1.1126302209652223,0,0.37543406988407463,200.4571652504685,24.000000000000004
milk,Mass,Heritage Full Cream Fresh Milk | Pouch| 500.0 - MILLILITRE,Grocery & Kitchen,"Dairy, Bread & Eggs",Heritage,7f99a529-4d3a-41bb-b7d2-cb426f5189b8,34.98203592814371,Toned Milk,0.07775866,10,1,1.06642978053121,0,0.22143260177069976,200.4571652504685,24.000000000000004
milk,Mass,Akshayakalpa Amrutha A2 Pasteurized Organic Fresh Milk | Pouch| 500.0 - MILLILITRE,Grocery & Kitchen,"Dairy, Bread & Eggs",Akshayakalpa,d3db9200-f330-4c52-996c-e231fcceaed0,44.904761904761905,Fresh Cow Milk,0.060034323,11,1,1.0742605488373962,0,0.2475351627913208,200.4571652504685,24.000000000000004
milk,Mass,Heritage Special Long Life Toned Milk (Pouch)| 450.0 - MILLILITRE,Grocery & Kitchen,"Dairy, Bread & Eggs",Heritage,745ea592-6192-4dfc-8a18-c2396be123a2,31.04268292682927,Toned Milk,0.07621353,12,1,1.06642978053121,0,0.22143260177069982,200.4571652504685,24.000000000000004
milk,Mass,Godrej Jersey Toned Fresh Milk | Pouch| 500.0 - MILLILITRE,Grocery & Kitchen,"Dairy, Bread & Eggs",Godrej Jersey,ba77f9b3-0525-4ce8-bc4b-a2480419b780,25.09433962264151,Fresh Cow Milk,0.030413287,13,0.18928225557801448,1.0187889642160102,0,0.06262988072003411,200.4571652504685,24.000000000000004
milk,Mass,Akshayakalpa Organic Pasteurized Cow Fresh Milk | Pouch| 500.0 - MILLILITRE,Grocery & Kitchen,"Dairy, Bread & Eggs",Akshayakalpa,9cd6367f-6ae0-45f4-b529-625ad8b01069,41.91616766467066,Fresh Cow Milk,0.05358088,14,1,1.0742605488373962,0,0.24753516279132085,200.4571652504685,24.000000000000004
milk,Mass,Akshayakalpa Amrutha - A2 Farm Organic Cow Fresh Milk | Pouch| 500.0 - MILLILITRE,Grocery & Kitchen,"Dairy, Bread & Eggs",Akshayakalpa,0d2d70a4-1469-45a3-b1c4-4ffe692f86ae,52.94478527607362,Toned Milk,0.042234585,15,1,1.0742605488373962,0,0.2475351627913208,200.4571652504685,24.000000000000004
milk,Mass,Arokya Standardized Fresh Milk | Pouch| 500.0 - MILLILITRE,Grocery & Kitchen,"Dairy, Bread & Eggs",Arokya,df9f14b1-156c-4b88-abdd-438419ddc4cf,32.01273885350319,Fresh Cow Milk,0.09288842,16,1,1.0566493993832173,0,0.18883133127739082,200.4571652504685,24.000000000000004
milk,Mass,Godrej Jersey Full Cream Fresh Milk | Pouch| 500.0 - MILLILITRE,Grocery & Kitchen,"Dairy, Bread & Eggs",Godrej Jersey,d05f0bf0-be17-4f60-8321-9ad4f19f2ba1,33.0188679245283,Toned Milk,0.038879078,17,1,1.0187889642160102,0,0.06262988072003411,200.4571652504685,24.000000000000004
milk,Mass,Sid's Farm Cow Fresh Milk | Pouch| 500.0 - MILLILITRE,Grocery & Kitchen,"Dairy, Bread & Eggs",Sid's Farm,1a9e1f6e-3d3c-49b2-bdf0-d34fa11c2054,41.9277108433735,Fresh Cow Milk,0.03979757,18,1,1.031754600960995,0,0.1058486698699831,200.4571652504685,24.000000000000004
milk,Mass,Nandini Goodlife Toned Milk UHT (Tetra Pack Brick)| 1.0 - LITER,Grocery & Kitchen,"Dairy, Bread & Eggs",Nandini,b76a82b8-8c7d-4b3a-aa17-754fa3bfc0d4,67.97604790419162,Tetra Pack Milk,0.15924029,19,1,1.3,0,1,200.4571652504685,24.000000000000004
milk,Mass,Amul Moti - Homogenised Toned Milk (Pouch 90 Days Shelf life)| 450.0 - MILLILITRE,Grocery & Kitchen,"Dairy, Bread & Eggs",Amul,1638f685-befc-478e-95f8-2d92213866e7,29.048484848484847,Tetra Pack Milk,0.14076753,20,0.8104413927149374,1.1126302209652223,0,0.37543406988407474,200.4571652504685,24.000000000000004
milk,Mass,Nandini Goodlife Milk UHT (Pouch Brik)| 500.0 - MILLILITRE,Grocery & Kitchen,"Dairy, Bread & Eggs",Nandini,7790e233-c829-422b-bf16-45eefe9b5bd5,35.012121212121215,Tetra Pack Milk,0.09175126,21,1,1.3,0,1,200.4571652504685,24.000000000000004
milk,Mass,Sid's Farm Skim Fresh Milk | Pouch| 500.0 - MILLILITRE,Grocery & Kitchen,"Dairy, Bread & Eggs",Sid's Farm,8e686c99-3292-4ee3-b45e-c8a0cb1e6884,32,Fresh Cow Milk,0.04757128,22,1,1.031754600960995,0,0.10584866986998309,200.4571652504685,24.000000000000004
milk,Mass,Nandini Pasteurised Full Cream Fresh Milk | Pouch| 500.0 - MILLILITRE,Grocery & Kitchen,"Dairy, Bread & Eggs",Nandini,07a789cc-1980-4f2d-af40-e20075768cf6,29,Fresh Cow Milk,0.009551484,23,0.8033499840784254,1.3,0,1,200.4571652504685,24.000000000000004
milk,Mass,Amul Taaza Homogenised Toned Milk (Tetra Pack)| 1.0 - LITER,Grocery & Kitchen,"Dairy, Bread & Eggs",Amul,84eae511-5edb-4a22-875e-5aa94976c2d6,75,Tetra Pack Milk,0.044955514,24,1,1.1126302209652223,0,0.37543406988407485,200.4571652504685,24.000000000000004
milk,Mass,Sid's Farm A2 Buffalo Fresh Milk | Pouch| 500.0 - MILLILITRE,Grocery & Kitchen,"Dairy, Bread & Eggs",Sid's Farm,47951a3c-5f8c-4466-b6b9-cf13b740ddea,59.963855421686745,Fresh Buffalo Milk,0.026127588,25,1,1.031754600960995,0,0.1058486698699831,200.4571652504685,24.000000000000004
milk,Mass,Nandini shubham Pasteurised standardized Fresh Milk | Pouch| 500.0 - MILLILITRE,Grocery & Kitchen,"Dairy, Bread & Eggs",Nandini,3a15fd02-3414-46d0-8977-cd4bea20a3f7,27,Fresh Cow Milk,0.008357011,26,0.5,1.3,0,1,200.4571652504685,24.000000000000004
milk,Mass,Sid's Farm Toned Fresh Milk | Pouch| 500.0 - MILLILITRE,Grocery & Kitchen,"Dairy, Bread & Eggs",Sid's Farm,a79f8c06-08d8-4b4f-834b-17205aefa4b7,33,Fresh Cow Milk,0.046122212,27,1,1.031754600960995,0,0.10584866986998315,200.4571652504685,24.000000000000004
milk,Mass,Aavin Green Magic Fresh Milk | Pouch| 500.0 - MILLILITRE,Grocery & Kitchen,"Dairy, Bread & Eggs",Aavin,be992603-05e4-40e1-85b8-c7b7883e1965,22,Toned Milk,0.0074543366,28,0,1.0080288201268375,0,0.02676273375612463,200.4571652504685,24.000000000000004
milk,Mass,Nandini Pasterurised Homogenised Toned Milk (Blue/White)| 500.0 - MILLILITRE,Grocery & Kitchen,"Dairy, Bread & Eggs",Nandini,fa274cc3-5cf6-4fd1-b370-6c6d19d3db32,24,Fresh Cow Milk,0.006725611,29,0,1,0,0,200.4571652504685,24.000000000000004
milk,Mass,Nandini Special Toned Fresh Milk | Pouch| 500.0 - MILLILITRE,Grocery & Kitchen,"Dairy, Bread & Eggs",Nandini,c6d24935-6bcd-43e6-b980-07557f3102cb,27,Toned Milk,0.0080913,30,0.5,1,0,0,200.4571652504685,24.000000000000004
milk,Mass,Akshayakalpa - Organic Farm Fresh Milk | Pouch| 500.0 - MILLILITRE,Grocery & Kitchen,"Dairy, Bread & Eggs",Akshayakalpa,7f4ab241-5791-483b-9901-c42a2f781b4e,47,Fresh Cow Milk,0.018111916,31,1,1.0742605488373962,0,0.24753516279132073,200.4571652504685,24.000000000000004
milk,Mass,Amul Lactose Free Milk (Tetra Pack)| 250.0 - MILLILITRE,Grocery & Kitchen,"Dairy, Bread & Eggs",Amul,23037033-b0ab-4109-82b6-30f3a2a2cf84,25.01212121212121,Tetra Pack Milk,0.090342164,32,0.1753509122678861,1.1126302209652223,0,0.37543406988407474,200.4571652504685,24.000000000000004
milk,Mass,Aavin Delite Premium Cow Fresh Milk | Pouch| 500.0 - MILLILITRE,Grocery & Kitchen,"Dairy, Bread & Eggs",Aavin,c960c338-5fd8-4c93-af37-bce2e68e0ad2,22,Fresh Cow Milk,0.005184693,33,0,1.0080288201268375,0,0.02676273375612463,200.4571652504685,24.000000000000004
milk,Mass,Amul Slim 'n' Trim Double Toned Fresh Milk | Pouch| 500.0 - MILLILITRE,Grocery & Kitchen,"Dairy, Bread & Eggs",Amul,df5d1d2f-3f3e-40a9-99ab-0335b671297e,21,Toned Milk,0.0056074993,34,0,1.1126302209652223,0,0.37543406988407474,200.4571652504685,24.000000000000004
milk,Mass,Sid's Farm A2 Buffalo Double Toned Fresh Milk | Pouch| 500.0 - MILLILITRE,Grocery & Kitchen,"Dairy, Bread & Eggs",Sid's Farm,a2390b03-73c7-437d-b9d1-32e3d796772d,44,Fresh Buffalo Milk,0.013727762,35,1,1.031754600960995,0,0.10584866986998309,200.4571652504685,24.000000000000004
milk,Mass,Amul Gold Premium Full Cream Fresh Milk | Bottle| 1.0 - LITER,Grocery & Kitchen,"Dairy, Bread & Eggs",Amul,3503237c-6beb-4eff-9d9f-72ca917b8814,90,Fresh Cow Milk,0.010435326,36,1,1.1126302209652223,0,0.3754340698840747,200.4571652504685,24.000000000000004
milk,Mass,Amul Gold Homogenised Standardised Milk (Tetra Pack)| 1.0 - LITER,Grocery & Kitchen,"Dairy, Bread & Eggs",Amul,ff393466-31a4-4aba-a51b-a787c39ef57e,80.02994011976048,Tetra Pack Milk,0.013010421,37,1,1.1126302209652223,0,0.3754340698840747,200.4571652504685,24.000000000000004
milk,Mass,Hatsun Toned Cow Fresh Milk | Pouch| 500.0 - MILLILITRE,Grocery & Kitchen,"Dairy, Bread & Eggs",Hatsun,306efce3-0f76-4b91-b7d8-317d09e049ea,30,Fresh Cow Milk,0.0060743224,38,0.9472652410029654,1.0014566359907067,0,0.004855453302355665,200.4571652504685,24.000000000000004
milk,Mass,Nandini Goodlife Slim Skimmed Milk UHT (Tetra Pack)| 500.0 - MILLILITRE,Grocery & Kitchen,"Dairy, Bread & Eggs",Nandini,205272e0-ba4c-4b0b-9165-a57fe603a9b5,35.972727272727276,Tetra Pack Milk,0.01371852,39,1,1.3,0,1,200.4571652504685,24.000000000000004
milk,Mass,Nandini Goodlife Slim Skimmed Milk UHT (Tetra Pack Brik)| 1.0 - LITER,Grocery & Kitchen,"Dairy, Bread & Eggs",Nandini,053a43dd-d1bd-48cc-bcb5-754a270c53f2,71.02424242424243,Tetra Pack Milk,0.0070378636,40,1,1.3,0,1,200.4571652504685,24.000000000000004
milk,Mass,Mother Dairy Toned Fresh Milk | Pouch| 500.0 - MILLILITRE,Grocery & Kitchen,"Dairy, Bread & Eggs",Mother Dairy,b3da2d29-caf2-4c0e-9634-94d82008ae70,27,Toned Milk,0.008890911,41,0.5,1.0162266397585868,0,0.054088799195289396,200.4571652504685,24.000000000000004
milk,Mass,Heritage Farm Fresh Toned Tetra pack Milk| 1.0 - LITER,Grocery & Kitchen,"Dairy, Bread & Eggs",Heritage,a46ee3f6-6822-455b-8f54-a771880c35cb,66.12883435582822,Tetra Pack Milk,0.013800712,42,1,1.06642978053121,0,0.22143260177069982,200.4571652504685,24.000000000000004
milk,Mass,Amul Slim Trim Skimmed Milk (Tetra Pack)| 1.0 - LITER,Grocery & Kitchen,"Dairy, Bread & Eggs",Amul,11cca7b6-7d07-4e6e-a799-0fcf85f7b5da,81.95151515151515,Tetra Pack Milk,0.0067593334,43,1,1.1126302209652223,0,0.37543406988407474,200.4571652504685,24.000000000000004
milk,Mass,Godrej Jersey Rich Toned Fresh Milk | Pouch| 500.0 - MILLILITRE,Grocery & Kitchen,"Dairy, Bread & Eggs",Godrej Jersey,06fcc6ce-bae2-483f-8684-3a58da130d76,30,Toned Milk,0.0039681573,44,0.9472652410029654,1.0187889642160102,0,0.06262988072003411,200.4571652504685,24.000000000000004
milk,Mass,Humpy Farms A2 UHT Cow Milk (Pouch)| 450.0 - MILLILITRE,Grocery & Kitchen,"Dairy, Bread & Eggs",Humpy Farms,84b935ca-9ec7-4910-88bf-2c37fb36ccf1,53.993788819875775,Tetra Pack Milk,0.0051946775,45,1,1.0041199887469963,0,0.013733295823321225,200.4571652504685,24.000000000000004
milk,Mass,Godrej Jersey Standardized Fresh Milk | Pouch| 500.0 - MILLILITRE,Grocery & Kitchen,"Dairy, Bread & Eggs",Godrej Jersey,fc257c47-9d68-4e3a-aa81-6fb6df3f865c,33,Fresh Cow Milk,0.0039278986,46,1,1.0187889642160102,0,0.06262988072003411,200.4571652504685,24.000000000000004
milk,Mass,Arokya Full Cream Fresh Milk | Pouch| 500.0 - MILLILITRE,Grocery & Kitchen,"Dairy, Bread & Eggs",Arokya,6ce2d5e9-61a8-42f1-aa7b-d9deb8fbbf76,40,Toned Milk,0.0024065054,47,1,1.0566493993832173,0,0.18883133127739082,200.4571652504685,24.000000000000004
milk,Mass,Amul Taaza Toned Fresh Milk | Pouch| 1.0 - LITER,Grocery & Kitchen,"Dairy, Bread & Eggs",Amul,faabc8db-cb19-4021-9a0f-77e1011baa4c,54,Toned Milk,0.0038664222,48,1,1.1126302209652223,0,0.37543406988407474,200.4571652504685,24.000000000000004
milk,Mass,Mother Dairy Ultra Full Cream Fresh Milk | Pouch| 500.0 - MILLILITRE,Grocery & Kitchen,"Dairy, Bread & Eggs",Mother Dairy,23a2000b-34ec-4585-913b-5df7dcd885c8,38,Toned Milk,0.0029320046,49,1,1.0162266397585868,0,0.054088799195289396,200.4571652504685,24.000000000000004
milk,Mass,Akshayakalpa Organic Cow Milk - Uht| 1.0 - LITER,Grocery & Kitchen,"Dairy, Bread & Eggs",Akshayakalpa,cfc168c0-bb8d-4614-bcb4-bd1f115c048e,126.03048780487805,Tetra Pack Milk,0.0037606284,50,1,1.0742605488373962,0,0.24753516279132076,200.4571652504685,24.000000000000004
paneer,Mass,Nandini Fresh Paneer (Pouch)| 200.0 - GRAM,Grocery & Kitchen,"Dairy, Bread & Eggs",Nandini,be889ba2-ef6e-4e34-a40c-b979419d82cc,87.77575757575758,Paneer,0.16732547,1,0.09874260470992152,1.8716373136611733,0.8531155306711629,0.9148548073045316,22639.957677435887,87
paneer,Mass,Milky Mist Paneer| 200.0 - GRAM,Grocery & Kitchen,"Dairy, Bread & Eggs",Milky Mist,861549d8-effd-49de-a2d3-d2ffd3c7333d,91.53012048192771,Paneer,0.20375928,2,0.5646097647482212,1.9483220800817576,1,0.8277402669391922,22639.957677435887,87
paneer,Mass,Amul Fresh Malai Paneer| 200.0 - GRAM,Grocery & Kitchen,"Dairy, Bread & Eggs",Amul,54099eb2-2d08-4013-a822-a3eebc72f19f,88.36875,Paneer,0.24006075,3,0.17363514727577434,1.8553169337464384,0.7933099053520548,1,22639.957677435887,87
paneer,Mass,Milky Mist Paneer| 500.0 - GRAM,Grocery & Kitchen,"Dairy, Bread & Eggs",Milky Mist,4e9c62d1-8575-40b3-a3ba-b02a84c7ed1b,201.53658536585365,Paneer,0.13100094,4,1,1.7855056450080862,0.7674050927518978,0.8277402669391921,22639.957677435887,87
paneer,Mass,Heritage Fresh Paneer| 200.0 - GRAM,Grocery & Kitchen,"Dairy, Bread & Eggs",Heritage,030e4b73-2373-479b-a013-f1e48ee8ab37,82.2969696969697,Paneer,0.1488667,5,0,1.1563104138615679,0,0.5210347128718931,22639.957677435887,87
paneer,Mass,Nandini Fresh Paneer (Pouch)| 500.0 - GRAM,Grocery & Kitchen,"Dairy, Bread & Eggs",Nandini,d659bcb1-a7a3-42af-99dd-d849e3d4268a,187.0245398773006,Paneer,0.10401481,6,1,1.2744564421913593,0,0.9148548073045315,22639.957677435887,87
paneer,Mass,Akshayakalpa Organic Malai Paneer| 200.0 - GRAM,Grocery & Kitchen,"Dairy, Bread & Eggs",Akshayakalpa,a5b27839-d7bb-4c42-9687-16ba67ea2d83,123.52147239263803,Paneer,0.11561013,7,1,1.1401685303538904,0,0.46722843451296814,22639.957677435887,87
paneer,Mass,Milky Mist High Protein Paneer| 200.0 - GRAM,Grocery & Kitchen,"Dairy, Bread & Eggs",Milky Mist,7c8ea69b-fd38-47ed-b212-75f6c825affd,96.20987654320987,Paneer,0.10211701,8,1,1.2483220800817576,0,0.827740266939192,22639.957677435887,87
paneer,Mass,Mother Dairy Fresh Paneer| 200.0 - GRAM,Grocery & Kitchen,"Dairy, Bread & Eggs",Mother Dairy,5e98a85b-2ced-4cac-873c-40f2290bd7a6,87.74193548387096,Paneer,0.07471329,9,0.09445577271532,1.0488379501303857,0,0.16279316710128594,22639.957677435887,87
paneer,Mass,Gowardhan Fresh Paneer- Block| 200.0 - GRAM,Grocery & Kitchen,"Dairy, Bread & Eggs",Gowardhan,635f0d0b-7749-4fc1-86c8-3f7f8b1c97ba,94.86585365853658,Paneer,0.06556025,10,0.9627701435287118,1.0660003196715486,0,0.22000106557182897,22639.957677435887,87
paneer,Mass,Desi Farms Low Fat Paneer| 200.0 - GRAM,Grocery & Kitchen,"Dairy, Bread & Eggs",Desi Farms,5c5e2f50-e1a9-4df1-a858-68354a231cc3,71.98726114649682,Paneer,0.03378766,11,0,1.0289618540096852,0,0.09653951336561746,22639.957677435887,87
paneer,Mass,Country Delight - Taaza Paneer| 180.0 - GRAM,Grocery & Kitchen,"Dairy, Bread & Eggs",Country Delight,d8ebbf8c-7b12-401d-a25b-b405b16f5125,108.66666666666667,Paneer,0.04702074,12,1,1.0514046944200839,0,0.17134898140027938,22639.957677435887,87
paneer,Mass,Godrej Jersey Fresh Paneer| 200.0 - GRAM,Grocery & Kitchen,"Dairy, Bread & Eggs",Godrej Jersey,24857697-ce99-4a69-b390-49b23f2a1a48,92.04458598726114,Paneer,0.04178264,13,0.626954739063285,1.0306453081158786,0,0.10215102705292889,22639.957677435887,87
paneer,Mass,iD Fresh Soft & Creamy Paneer| 200.0 - GRAM,Grocery & Kitchen,"Dairy, Bread & Eggs",iD Fresh,29e0f66e-aed9-4d7b-a656-b62e7e8110b2,136.49056603773585,Paneer,0.031782612,14,1,1,0,0,22639.957677435887,87
paneer,Mass,Sid's Farm Malai Paneer| 200.0 - GRAM,Grocery & Kitchen,"Dairy, Bread & Eggs",Sid's Farm,040345fd-5a29-4d59-b178-dc95de72af18,128.75757575757575,Paneer,0.028643157,15,1,1.0326375635564968,0,0.10879187852165616,22639.957677435887,87
paneer,Mass,Akshayakalpa Organic High Protein Paneer| 200.0 - GRAM,Grocery & Kitchen,"Dairy, Bread & Eggs",Akshayakalpa,01b9375e-f09c-4447-9a16-8d32a4bd267a,151.25974025974025,Paneer,0.022474922,16,1,1.1401685303538904,0,0.46722843451296814,22639.957677435887,87
paneer,Mass,Amul Frozen Malai Paneer| 250.0 - GRAM,Grocery & Kitchen,"Dairy, Bread & Eggs",Amul,c1c27dac-4402-44c4-88ee-2c23b17fe76d,102.33108108108108,Paneer,0.020045502,17,1,1.3,0,1,22639.957677435887,87
paneer,Mass,Milky Mist High Protein Paneer| 500.0 - GRAM,Grocery & Kitchen,"Dairy, Bread & Eggs",Milky Mist,84fdc7ff-58ad-47fa-b533-60527fed6e73,276.7579617834395,Paneer,0.014224653,18,1,1.2483220800817576,0,0.8277402669391918,22639.957677435887,87
paneer,Mass,Hatsun Fresh Paneer| 199.0 - GRAM,Grocery & Kitchen,"Dairy, Bread & Eggs",Hatsun,1232ac7d-b9e2-4f44-aa9e-e4aea9b70fa6,127.05590062111801,Paneer,0.013331714,19,1,1.054726043352644,0,0.18242014450881353,22639.957677435887,87
paneer,Mass,Heritage Fresh Paneer| 500.0 - GRAM,Grocery & Kitchen,"Dairy, Bread & Eggs",Heritage,cbe9a32d-e078-4fc8-ae4c-d468163e5b5d,238.0728476821192,Paneer,0.015404333,20,1,1.156310413861568,0,0.5210347128718933,22639.957677435887,87
paneer,Mass,Gowardhan Paneer Pouch| 500.0 - GRAM,Grocery & Kitchen,"Dairy, Bread & Eggs",Gowardhan,1aeea0a9-50d3-4fc1-b29a-e4472cf66067,219.42592592592592,Paneer,0.016050505,21,1,1.0660003196715486,0,0.22000106557182897,22639.957677435887,87
paneer,Mass,Godrej Jersey Medium Fat Paneer| 200.0 - GRAM,Grocery & Kitchen,"Dairy, Bread & Eggs",Godrej Jersey,896e1c65-051d-4e93-9592-3a441248a5de,88.24358974358974,Paneer,0.008424198,22,0.15786984261394246,1.0306453081158786,0,0.10215102705292889,22639.957677435887,87
paneer,Mass,Desi Farms A2 Paneer| 200.0 - GRAM,Grocery & Kitchen,"Dairy, Bread & Eggs",Desi Farms,b0c6e3da-a000-410d-b136-09db332a8aa1,102.98726114649682,Paneer,0.0068871663,23,1,1.0289618540096852,0,0.09653951336561743,22639.957677435887,87
paneer,Mass,Ananda Fresh Premium Paneer| 200.0 - GRAM,Grocery & Kitchen,"Dairy, Bread & Eggs",Ananda,6a4fa9c3-864b-4b7f-9b69-2213c5fb50c8,96.5,Paneer,0.0044397344,24,1,1.0234652100765382,0,0.07821736692179443,22639.957677435887,87
paneer,Mass,Namdhari's Dairy Tales Paneer| 200.0 - GRAM,Grocery & Kitchen,"Dairy, Bread & Eggs",Dairy Tales,5e22c59a-7f19-4a3c-8bc2-9504141f859d,108.81879194630872,Paneer,0.0032174618,25,1,1,0,0,22639.957677435887,87
paneer,Mass,Godrej Jersey Fresh Soft Paneer| 500.0 - GRAM,Grocery & Kitchen,"Dairy, Bread & Eggs",Godrej Jersey,2bd6c687-f4ad-4a91-a498-544ed2c6ff07,230.80536912751677,Paneer,0.0027703638,26,1,1.0306453081158786,0,0.10215102705292889,22639.957677435887,87
paneer,Mass,Amul Frozen Malai Paneer| 200.0 - GRAM,Grocery & Kitchen,"Dairy, Bread & Eggs",Amul,be2169df-40ac-4f12-8f21-4118cd5e5fa3,92.94666666666667,Paneer,0.0032113714,27,0.7354359502546788,1.3,0,1,22639.957677435887,87
paneer,Mass,Desi farms Buffalo Malai Paneer| 200.0 - GRAM,Grocery & Kitchen,"Dairy, Bread & Eggs",Desi Farms,0876c044-d792-4018-a258-9251ce45e00d,93.76433121019109,Paneer,0.003565405,28,0.8328597215345984,1.0289618540096852,0,0.09653951336561749,22639.957677435887,87
paneer,Mass,Namdhari's Dairy Tales A2 Paneer| 200.0 - GRAM,Grocery & Kitchen,"Dairy, Bread & Eggs",Dairy Tales,cc1b83c6-3b03-444e-949d-7f2f073bf121,124,Paneer,0.0022107386,29,1,1,0,0,22639.957677435887,87
paneer,Mass,Humpy Farms A2 Paneer| 200.0 - GRAM,Grocery & Kitchen,"Dairy, Bread & Eggs",Humpy Farms,ef56e226-a538-4e80-ab0e-33c1cd42e537,174.97972972972974,Paneer,0.0015536566,30,1,1.016040487382999,0,0.05346829127666307,22639.957677435887,87
paneer,Mass,Milky Mist Fresh Malai Paneer Cubes| 200.0 - GRAM,Grocery & Kitchen,"Dairy, Bread & Eggs",Milky Mist,78252ea0-1494-4245-bc71-f2cd8e5b30d8,106.68181818181819,Paneer,0.0014877913,31,1,1.2483220800817576,0,0.8277402669391919,22639.957677435887,87
curd,Mass-Premium,Nandini Thick Curd Pouch| 500.0 - MILLILITRE,Grocery & Kitchen,"Dairy, Bread & Eggs",Nandini,f05fb698-1b4a-4c68-a16a-1dbc018ccb0c,27.820359281437124,Curd,0.19424815,1,0.4791229942390875,2,1,1,121.49141829942802,24.000000000000004
curd,Mass-Premium,Amul Curd Pouch| 450.0 - GRAM,Grocery & Kitchen,"Dairy, Bread & Eggs",Amul,39943e9a-a149-4b3b-8aab-d7cb81119521,24.00625,Curd,0.1030906,2,0.0008445722212321818,1.5862802274620544,0.5608306613343517,0.6456625484266945,121.49141829942802,24.000000000000004
curd,Mass-Premium,Heritage Total Curd Pouch| 475.0 - GRAM,Grocery & Kitchen,"Dairy, Bread & Eggs",Heritage,6fe48002-44ec-4c37-af80-7034d3fc6db6,28.834355828220858,Curd,0.08088363,3,0.5952414765510216,1.341223800460693,0.36187421964089106,0.2930394890402305,121.49141829942802,24.000000000000004
curd,Mass-Premium,Amul Curd Pouch| 900.0 - GRAM,Grocery & Kitchen,"Dairy, Bread & Eggs",Amul,cb1308a4-ab3d-4425-b27d-cd08048bc339,48.0377358490566,Curd,0.054069683,4,1,1.3912744881680417,0.28225103377147626,0.6456625484266946,121.49141829942802,24.000000000000004
curd,Mass-Premium,Hatsun Curd Pouch| 500.0 - GRAM,Grocery & Kitchen,"Dairy, Bread & Eggs",Hatsun,b87ff0cd-08a4-4d2d-972d-0e458dc67d85,36.1,Curd,0.057435133,5,1,1.2902592172511143,0.26456233273669516,0.350218614451425,121.49141829942802,24.000000000000004
curd,Mass-Premium,Milky Mist Curd Pouch| 400.0 - GRAM,Grocery & Kitchen,"Dairy, Bread & Eggs",Milky Mist,06806c10-0b66-4131-8279-ccf912d0758e,37.2710843373494,Curd,0.065039344,6,1,1.3698687326501395,0.34927383127899353,0.4179235025161472,121.49141829942802,24.000000000000004
curd,Mass-Premium,Amul Masti Curd Pouch| 450.0 - GRAM,Grocery & Kitchen,"Dairy, Bread & Eggs",Amul,3f3d772a-04a4-4236-8dd5-e848d99c459a,33.7939393939394,Curd,0.03037143,7,1,1.1936987645280084,0,0.6456625484266945,121.49141829942802,24.000000000000004
curd,Mass-Premium,Hatsun Cup Curd| 200.0 - GRAM,Grocery & Kitchen,"Dairy, Bread & Eggs",Hatsun,6f523e85-b003-44f4-973c-49d125ef0131,24.944444444444443,Curd,0.06841492,8,0.12519341316365307,1.1050655843354276,0,0.35021861445142494,121.49141829942802,24.000000000000004
curd,Mass-Premium,Akshayakalpa Organic Curd Pouch| 200.0 - GRAM,Grocery & Kitchen,"Dairy, Bread & Eggs",Akshayakalpa,75a475ab-2a64-4004-9c60-692cc836ffda,22.96969696969697,Curd,0.04338247,9,0,1.172631847907174,0,0.5754394930239133,121.49141829942802,24.000000000000004
curd,Mass-Premium,Milky Mist Curd Pouch| 200.0 - GRAM,Grocery & Kitchen,"Dairy, Bread & Eggs",Milky Mist,416e4686-db40-4ccd-b601-910d88fdb8ad,18.70552147239264,Curd,0.027082512,10,0,1.1253770507548442,0,0.4179235025161473,121.49141829942802,24.000000000000004
curd,Mass-Premium,Akshayakalpa Organic Probiotic Curd Pouch| 500.0 - GRAM,Grocery & Kitchen,"Dairy, Bread & Eggs",Akshayakalpa,d13a1bd1-aeaa-4388-9f32-2be8b1815ae7,50.84848484848485,Curd,0.046454642,11,1,1.172631847907174,0,0.5754394930239133,121.49141829942802,24.000000000000004
curd,Mass-Premium,Milky Mist Set Curd Tub| 1.0 - LITER,Grocery & Kitchen,"Dairy, Bread & Eggs",Milky Mist,0af6a1a5-373b-4ddb-a661-cefc7f18298e,100.144578313253,Curd,0.1403555,12,1,1.1253770507548442,0,0.41792350251614735,121.49141829942802,24.000000000000004
curd,Mass-Premium,Akshayakalpa Artisanal Organic Set Curd Cup| 1.0 - KILOGRAM,Grocery & Kitchen,"Dairy, Bread & Eggs",Akshayakalpa,0e7d1f54-816e-4461-9f79-a651a41fec02,144.97575757575757,Curd,0.043780446,13,1,1.172631847907174,0,0.5754394930239134,121.49141829942802,24.000000000000004
curd,Mass-Premium,Akshayakalpa Amrutha A2 Organic Curd Pouch| 500.0 - GRAM,Grocery & Kitchen,"Dairy, Bread & Eggs",Akshayakalpa,22c5e201-2f80-43b6-9476-5822b97d4958,65.0060606060606,Curd,0.034546085,14,1,1.172631847907174,0,0.5754394930239133,121.49141829942802,24.000000000000004
curd,Mass-Premium,Heritage Total Curd Tub| 1.0 - KILOGRAM,Grocery & Kitchen,"Dairy, Bread & Eggs",Heritage,23a90a6f-2dab-4bd1-a911-bfd3ab97648c,94.8780487804878,Curd,0.10308835,15,1,1.0879118467120692,0,0.2930394890402306,121.49141829942802,24.000000000000004
curd,Mass-Premium,Milky Mist Plain Curd Cup| 400.0 - GRAM,Grocery & Kitchen,"Dairy, Bread & Eggs",Milky Mist,1363a5ff-b43b-439b-a814-a0982e8559de,55.018181818181816,Curd,0.06552356,16,1,1.1253770507548442,0,0.4179235025161472,121.49141829942802,24.000000000000004
curd,Mass-Premium,Heritage Total Curd Tub| 400.0 - GRAM,Grocery & Kitchen,"Dairy, Bread & Eggs",Heritage,d3e8e9e0-7e0f-4fcd-8725-a6b64409b5ad,45.79141104294479,Curd,0.073423415,17,1,1.0879118467120692,0,0.29303948904023064,121.49141829942802,24.000000000000004
curd,Mass-Premium,Godrej Jersey Curd Pouch| 425.0 - GRAM,Grocery & Kitchen,"Dairy, Bread & Eggs",Godrej Jersey,499acf6d-714c-467a-8ec5-edfb6cf67854,28.937888198757765,Curd,0.011804189,18,0.6068669846089902,1.0228020505558424,0,0.0760068351861411,121.49141829942802,24.000000000000004
curd,Mass-Premium,Akshayakalpa Artisanal Organic Set Curd Cup| 400.0 - GRAM,Grocery & Kitchen,"Dairy, Bread & Eggs",Akshayakalpa,a1f91e85-5ccc-4d8e-921a-b81ca9f8d896,74.80722891566265,Curd,0.022463735,19,1,1.172631847907174,0,0.5754394930239135,121.49141829942802,24.000000000000004
curd,Mass-Premium,Milky Mist Plain Curd Cup| 200.0 - GRAM,Grocery & Kitchen,"Dairy, Bread & Eggs",Milky Mist,72f7f613-1f5a-4344-b657-4b5eee10868b,32.49693251533742,Curd,0.05120082,20,0.9831026069085935,1.1253770507548442,0,0.4179235025161474,121.49141829942802,24.000000000000004
curd,Mass-Premium,Amul Masti Dahi Cup| 200.0 - GRAM,Grocery & Kitchen,"Dairy, Bread & Eggs",Amul,51c1f355-3a4d-4ae2-a459-048b73108e6f,22.9873417721519,Curd,0.021248614,21,0,1.1936987645280084,0,0.6456625484266945,121.49141829942802,24.000000000000004
curd,Mass-Premium,Amul Masti Set Curd Tub| 1.0 - KILOGRAM,Grocery & Kitchen,"Dairy, Bread & Eggs",Amul,cf8c88da-d6d3-40af-893c-db15c351513b,94.84848484848484,Curd,0.065999925,22,1,1.1936987645280084,0,0.6456625484266943,121.49141829942802,24.000000000000004
curd,Mass-Premium,Sid's Farm Curd Pouch| 450.0 - GRAM,Grocery & Kitchen,"Dairy, Bread & Eggs",Sid's Farm,1fac9173-620c-4cd4-96ba-2c39043c29e9,51.515337423312886,Curd,0.024776515,23,1,1.0284702778570542,0,0.0949009261901805,121.49141829942802,24.000000000000004
curd,Mass-Premium,Mother Dairy Mishti Doi Cup| 80.0 - GRAM,Grocery & Kitchen,"Dairy, Bread & Eggs",Mother Dairy,37060eb0-9096-472e-b057-038dd780971d,19.957055214723926,Curd,0.01667004,24,0,1.0383762451390086,0,0.127920817130029,121.49141829942802,24.000000000000004
curd,Mass-Premium,Hatsun Cup Curd| 400.0 - GRAM,Grocery & Kitchen,"Dairy, Bread & Eggs",Hatsun,cad89a81-5551-4d0d-b99a-2809a4623206,49.86335403726708,Curd,0.043487113,25,1,1.1050655843354276,0,0.35021861445142505,121.49141829942802,24.000000000000004
curd,Mass-Premium,Mother Dairy Classic Dahi Cup| 400.0 - GRAM,Grocery & Kitchen,"Dairy, Bread & Eggs",Mother Dairy,11aef640-1525-4c3e-bda8-fb72b89225ed,45,Curd,0.04444922,26,1,1.0383762451390086,0,0.127920817130029,121.49141829942802,24.000000000000004
curd,Mass-Premium,Country Delight | Ghar Jaisa Dahi Cup| 400.0 - GRAM,Grocery & Kitchen,"Dairy, Bread & Eggs",Country Delight,b0e9defa-42c5-44ab-88a1-1d9d2a26bb37,67.7948717948718,Curd,0.016828237,27,1,1.0270001952922787,0,0.09000065097426205,121.49141829942802,24.000000000000004
curd,Mass-Premium,Hatsun Curd Tub| 1.0 - KILOGRAM,Grocery & Kitchen,"Dairy, Bread & Eggs",Hatsun,d1469ad2-08a1-426c-bc7f-3073feee548d,100.425,Curd,0.015582683,28,1,1.1050655843354276,0,0.350218614451425,121.49141829942802,24.000000000000004
curd,Mass-Premium,Amul Masti Dahi Cup| 400.0 - GRAM,Grocery & Kitchen,"Dairy, Bread & Eggs",Amul,c3c7b54e-83ab-40f0-8ba3-09d8633831bc,47.98765432098765,Curd,0.03740924,29,1,1.1936987645280084,0,0.6456625484266943,121.49141829942802,24.000000000000004
curd,Mass-Premium,Heritage Total Curd Pouch| 1.0 - KILOGRAM,Grocery & Kitchen,"Dairy, Bread & Eggs",Heritage,06790095-6e9b-4170-be00-9562e169c314,65.01123595505618,Curd,0.040431187,30,1,1.0879118467120692,0,0.2930394890402306,121.49141829942802,24.000000000000004
curd,Mass-Premium,Milky Mist Mishti Doi Cup| 100.0 - GRAM,Grocery & Kitchen,"Dairy, Bread & Eggs",Milky Mist,8f671df4-6007-4ebf-9ecb-450e70c54801,23.33128834355828,Curd,0.009162694,31,0,1.1253770507548442,0,0.4179235025161473,121.49141829942802,24.000000000000004
curd,Mass-Premium,Desi farms Low Fat Dahi Pouch| 400.0 - GRAM,Grocery & Kitchen,"Dairy, Bread & Eggs",Desi Farms,d89c02eb-3c62-44ca-8707-9db3f18025ae,24,Curd,0.0075695864,32,0,1.0200093310113048,0,0.0666977700376824,121.49141829942802,24.000000000000004
curd,Mass-Premium,Amul High Protein Cup Dahi| 400.0 - GRAM,Grocery & Kitchen,"Dairy, Bread & Eggs",Amul,e90e8c07-553f-4169-9c44-cb468b6b2741,69.59375,Curd,0.012694207,33,1,1.1936987645280084,0,0.6456625484266942,121.49141829942802,24.000000000000004
curd,Mass-Premium,Godrej Jersey Curd Pouch| 1.0 - KILOGRAM,Grocery & Kitchen,"Dairy, Bread & Eggs",Godrej Jersey,34cb1ac2-0680-4c50-96ed-9f1480024d28,65.35403726708074,Curd,0.012534009,34,1,1.0228020505558424,0,0.0760068351861411,121.49141829942802,24.000000000000004
curd,Mass-Premium,Milky Mist Probiotic Curd Cup| 400.0 - GRAM,Grocery & Kitchen,"Dairy, Bread & Eggs",Milky Mist,d26207e4-d61b-473c-9934-a4d47adca6f8,59.717791411042946,Curd,0.01152479,35,1,1.1253770507548442,0,0.4179235025161473,121.49141829942802,24.000000000000004
curd,Mass-Premium,Godrej Jersey Curd Tub| 1.0 - KILOGRAM,Grocery & Kitchen,"Dairy, Bread & Eggs",Godrej Jersey,ce6fac84-94c2-4a22-b52c-7ba92c8a15d7,92.9192546583851,Curd,0.03574844,36,1,1.0228020505558424,0,0.0760068351861411,121.49141829942802,24.000000000000004
curd,Mass-Premium,Milky Mist Probiotic Curd Cup| 200.0 - GRAM,Grocery & Kitchen,"Dairy, Bread & Eggs",Milky Mist,fa890e06-e218-445a-9a0d-c42f6c73ecd7,31.68944099378882,Curd,0.019231489,37,0.9014871153367512,1.1253770507548442,0,0.41792350251614724,121.49141829942802,24.000000000000004
curd,Mass-Premium,Mother Dairy Mishti Doi Cup| 400.0 - GRAM,Grocery & Kitchen,"Dairy, Bread & Eggs",Mother Dairy,867c532d-78ee-4b54-a623-fb0f86411a53,74.8159509202454,Curd,0.008956869,38,1,1.0383762451390086,0,0.127920817130029,121.49141829942802,24.000000000000004
curd,Mass-Premium,Sids Farm Cow Curd Cup| 400.0 - GRAM,Grocery & Kitchen,"Dairy, Bread & Eggs",Sid's Farm,7e56925a-9fda-4ee8-9c34-1e933e0077dc,72.63125,Curd,0.010321262,39,1,1.0284702778570542,0,0.0949009261901805,121.49141829942802,24.000000000000004
curd,Mass-Premium,Mother Dairy Thick & Tasty Curd Pouch| 460.0 - GRAM,Grocery & Kitchen,"Dairy, Bread & Eggs",Mother Dairy,71080671-b2e5-414c-8f7d-822ae1db046d,35.98026315789474,Curd,0.0056417934,40,1,1.0383762451390086,0,0.127920817130029,121.49141829942802,24.000000000000004
curd,Mass-Premium,Sids Farm Buffalo Cup Curd| 400.0 - GRAM,Grocery & Kitchen,"Dairy, Bread & Eggs",Sid's Farm,ae7ae4f1-3095-46e7-bc9f-46c846b30bcb,81.32530120481928,Curd,0.010920057,41,1,1.0284702778570542,0,0.09490092619018055,121.49141829942802,24.000000000000004
curd,Mass-Premium,Country Delight | Low Fat Dahi Pouch| 400.0 - GRAM,Grocery & Kitchen,"Dairy, Bread & Eggs",Country Delight,95fb899f-fe41-4381-b838-ed6ab6b420eb,56.83974358974359,Curd,0.013291963,42,1,1.0270001952922787,0,0.09000065097426202,121.49141829942802,24.000000000000004
curd,Mass-Premium,iD Fresh Curd Pouch| 400.0 - GRAM,Grocery & Kitchen,"Dairy, Bread & Eggs",iD Fresh,94d95b67-8c7a-4934-b027-d485118b0003,47.8125,Curd,0.014116356,43,1,1,0,0,121.49141829942802,24.000000000000004
curd,Mass-Premium,Desi Farms Malai Dahi Cup| 200.0 - GRAM,Grocery & Kitchen,"Dairy, Bread & Eggs",Desi Farms,1a99ac3c-aaf7-4e0b-a822-a373717e27a9,24,Curd,0.008339026,44,0,1.0200093310113048,0,0.06669777003768242,121.49141829942802,24.000000000000004
curd,Mass-Premium,Milky Mist Probiotic Curd Tub| 1.0 - KILOGRAM,Grocery & Kitchen,"Dairy, Bread & Eggs",Milky Mist,61ae2733-9ff4-4968-9271-b119c38b37f1,109.96551724137932,Curd,0.011482709,45,1,1.1253770507548442,0,0.41792350251614735,121.49141829942802,24.000000000000004
curd,Mass-Premium,Heritage Sampurna A2 Curd Tub| 1.0 - KILOGRAM,Grocery & Kitchen,"Dairy, Bread & Eggs",Heritage,6bf52672-9a74-4f97-b3c2-9250f7cce0d8,136.88957055214723,Curd,0.010243089,46,1,1.0879118467120692,0,0.29303948904023064,121.49141829942802,24.000000000000004
curd,Mass-Premium,Amul Curd Pouch| 800.0 - GRAM,Grocery & Kitchen,"Dairy, Bread & Eggs",Amul,aa562171-ba45-4878-b38f-e7b9e9d9af04,50,Curd,0.0038896995,47,1,1.1936987645280084,0,0.6456625484266943,121.49141829942802,24.000000000000004
curd,Mass-Premium,Desi Farms Creamy & Thick Dahi Tub| 1.0 - KILOGRAM,Grocery & Kitchen,"Dairy, Bread & Eggs",Desi Farms,469f147b-c676-47c9-b2da-1e90a421e984,85.96815286624204,Curd,0.012334782,48,1,1.0200093310113048,0,0.06669777003768239,121.49141829942802,24.000000000000004
curd,Mass-Premium,Mother Dairy Thick & Tasty Curd Tub| 1.0 - KILOGRAM,Grocery & Kitchen,"Dairy, Bread & Eggs",Mother Dairy,31ddcfa7-0114-4343-9bac-7ae170f23db6,97.89473684210526,Curd,0.008506549,49,1,1.0383762451390086,0,0.127920817130029,121.49141829942802,24.000000000000004
curd,Mass-Premium,Desi Farms Low Fat Dahi Cup| 400.0 - GRAM,Grocery & Kitchen,"Dairy, Bread & Eggs",Desi Farms,6b892033-4ec6-476e-900d-51968c7a1d95,38.99363057324841,Curd,0.005299511,50,1,1.0200093310113048,0,0.06669777003768239,121.49141829942802,24.000000000000004
milk,Mass-Premium,Nandini Toned Fresh Milk | Pouch| 500.0 - MILLILITRE,Grocery & Kitchen,"Dairy, Bread & Eggs",Nandini,25eb526c-9c26-48cd-95a3-8e4058910f8a,23.911242603550296,Toned Milk,0.20163208,1,0,2,1,1,200.4571652504685,24.000000000000004
milk,Mass-Premium,Nandini Standardized Fresh Milk | Pouch| 500.0 - MILLILITRE,Grocery & Kitchen,"Dairy, Bread & Eggs",Nandini,0cfdcd21-abb4-4151-bd80-f833942fa524,26.91715976331361,Fresh Cow Milk,0.15511042,2,0.48695536526005717,1.9999885828967658,0.9999836898525226,1,200.4571652504685,24.000000000000004
milk,Mass-Premium,Nandini Goodlife Toned UHT Milk (Fino Pouch)| 500.0 - MILLILITRE,Grocery & Kitchen,"Dairy, Bread & Eggs",Nandini,b01c94d5-7fa9-4119-b157-5e401def1280,31.012048192771083,Tetra Pack Milk,0.041972805,3,1,1.5890786428238908,0.41296948974841524,1,200.4571652504685,24.000000000000004
milk,Mass-Premium,Heritage Toned Fresh Milk | Pouch| 500.0 - MILLILITRE,Grocery & Kitchen,"Dairy, Bread & Eggs",Heritage,fdf82a8b-a576-417f-b6df-a40d37e25634,25.952380952380953,Toned Milk,0.09575024,4,0.33200675358733867,1.4754966529129474,0.5843812462596251,0.2214326017706998,200.4571652504685,24.000000000000004
milk,Mass-Premium,Amul Gold Full Cream Fresh Milk | Pouch| 500.0 - MILLILITRE,Grocery & Kitchen,"Dairy, Bread & Eggs",Amul,51d55eac-ca29-4532-9b32-9b7d317f346a,32.94642857142857,Toned Milk,0.3423413,5,1,1.447133549086763,0.47786189731648665,0.3754340698840748,200.4571652504685,24.000000000000004
milk,Mass-Premium,Amul Taaza Homogenised Toned Milk (Tetra Pack)| 200.0 - MILLILITRE,Grocery & Kitchen,"Dairy, Bread & Eggs",Amul,2a231315-2b07-4de0-af4a-3a4f9c48ad0c,16.012345679012345,Tetra Pack Milk,0.044363573,6,0,1.1126302209652223,0,0.37543406988407463,200.4571652504685,24.000000000000004
milk,Mass-Premium,Nandini Good Life Toned UHT Milk (Fino Pouch)| 180.0 - MILLILITRE,Grocery & Kitchen,"Dairy, Bread & Eggs",Nandini,17ce1910-171f-4aac-8fcb-86d96d679487,13.981707317073171,Tetra Pack Milk,0.03343635,7,0,1.5448789212807756,0.3498270304011079,1,200.4571652504685,24.000000000000004
milk,Mass-Premium,Arokya Toned Fresh Milk | Pouch| 500.0 - MILLILITRE,Grocery & Kitchen,"Dairy, Bread & Eggs",Arokya,edc180a1-cb0b-4824-b10e-1c306f1aacae,26,Toned Milk,0.063754246,8,0.3397887786958155,1.346705993812292,0.4143665634701067,0.18883133127739082,200.4571652504685,24.000000000000004
milk,Mass-Premium,Amul Taaza Toned Fresh Milk | Pouch| 500.0 - MILLILITRE,Grocery & Kitchen,"Dairy, Bread & Eggs",Amul,9d447ba5-1d35-46e1-bc64-e932135d026f,27.957831325301203,Toned Milk,0.07739482,9,0.6479860180459455,1.1126302209652223,0,0.37543406988407463,200.4571652504685,24.000000000000004
milk,Mass-Premium,Heritage Full Cream Fresh Milk | Pouch| 500.0 - MILLILITRE,Grocery & Kitchen,"Dairy, Bread & Eggs",Heritage,7f99a529-4d3a-41bb-b7d2-cb426f5189b8,34.98203592814371,Toned Milk,0.2475586,10,1,1.06642978053121,0,0.2214326017706998,200.4571652504685,24.000000000000004
milk,Mass-Premium,Akshayakalpa Amrutha A2 Pasteurized Organic Fresh Milk | Pouch| 500.0 - MILLILITRE,Grocery & Kitchen,"Dairy, Bread & Eggs",Akshayakalpa,d3db9200-f330-4c52-996c-e231fcceaed0,44.904761904761905,Fresh Cow Milk,0.054529984,11,1,1.0742605488373962,0,0.2475351627913208,200.4571652504685,24.000000000000004
milk,Mass-Premium,Heritage Special Long Life Toned Milk (Pouch)| 450.0 - MILLILITRE,Grocery & Kitchen,"Dairy, Bread & Eggs",Heritage,745ea592-6192-4dfc-8a18-c2396be123a2,31.04268292682927,Toned Milk,0.1903575,12,1,1.06642978053121,0,0.22143260177069976,200.4571652504685,24.000000000000004
milk,Mass-Premium,Godrej Jersey Toned Fresh Milk | Pouch| 500.0 - MILLILITRE,Grocery & Kitchen,"Dairy, Bread & Eggs",Godrej Jersey,ba77f9b3-0525-4ce8-bc4b-a2480419b780,25.09433962264151,Fresh Cow Milk,0.024790939,13,0.18928225557801448,1.0187889642160102,0,0.06262988072003411,200.4571652504685,24.000000000000004
milk,Mass-Premium,Akshayakalpa Organic Pasteurized Cow Fresh Milk | Pouch| 500.0 - MILLILITRE,Grocery & Kitchen,"Dairy, Bread & Eggs",Akshayakalpa,9cd6367f-6ae0-45f4-b529-625ad8b01069,41.91616766467066,Fresh Cow Milk,0.048553135,14,1,1.0742605488373962,0,0.2475351627913208,200.4571652504685,24.000000000000004
milk,Mass-Premium,Akshayakalpa Amrutha - A2 Farm Organic Cow Fresh Milk | Pouch| 500.0 - MILLILITRE,Grocery & Kitchen,"Dairy, Bread & Eggs",Akshayakalpa,0d2d70a4-1469-45a3-b1c4-4ffe692f86ae,52.94478527607362,Toned Milk,0.04115197,15,1,1.0742605488373962,0,0.2475351627913208,200.4571652504685,24.000000000000004
milk,Mass-Premium,Arokya Standardized Fresh Milk | Pouch| 500.0 - MILLILITRE,Grocery & Kitchen,"Dairy, Bread & Eggs",Arokya,df9f14b1-156c-4b88-abdd-438419ddc4cf,32.01273885350319,Fresh Cow Milk,0.035621747,16,1,1.0566493993832173,0,0.18883133127739085,200.4571652504685,24.000000000000004
milk,Mass-Premium,Godrej Jersey Full Cream Fresh Milk | Pouch| 500.0 - MILLILITRE,Grocery & Kitchen,"Dairy, Bread & Eggs",Godrej Jersey,d05f0bf0-be17-4f60-8321-9ad4f19f2ba1,33.0188679245283,Toned Milk,0.12840529,17,1,1.0187889642160102,0,0.06262988072003411,200.4571652504685,24.000000000000004
milk,Mass-Premium,Sid's Farm Cow Fresh Milk | Pouch| 500.0 - MILLILITRE,Grocery & Kitchen,"Dairy, Bread & Eggs",Sid's Farm,1a9e1f6e-3d3c-49b2-bdf0-d34fa11c2054,41.9277108433735,Fresh Cow Milk,0.11252447,18,1,1.031754600960995,0,0.1058486698699831,200.4571652504685,24.000000000000004
milk,Mass-Premium,Nandini Goodlife Toned Milk UHT (Tetra Pack Brick)| 1.0 - LITER,Grocery & Kitchen,"Dairy, Bread & Eggs",Nandini,b76a82b8-8c7d-4b3a-aa17-754fa3bfc0d4,67.97604790419162,Tetra Pack Milk,0.05417943,19,1,1.3,0,1,200.4571652504685,24.000000000000004
milk,Mass-Premium,Amul Moti - Homogenised Toned Milk (Pouch 90 Days Shelf life)| 450.0 - MILLILITRE,Grocery & Kitchen,"Dairy, Bread & Eggs",Amul,1638f685-befc-478e-95f8-2d92213866e7,29.048484848484847,Tetra Pack Milk,0.030221146,20,0.8104413927149374,1.1126302209652223,0,0.3754340698840747,200.4571652504685,24.000000000000004
milk,Mass-Premium,Nandini Goodlife Milk UHT (Pouch Brik)| 500.0 - MILLILITRE,Grocery & Kitchen,"Dairy, Bread & Eggs",Nandini,7790e233-c829-422b-bf16-45eefe9b5bd5,35.012121212121215,Tetra Pack Milk,0.024413247,21,1,1.3,0,1,200.4571652504685,24.000000000000004
milk,Mass-Premium,Sid's Farm Skim Fresh Milk | Pouch| 500.0 - MILLILITRE,Grocery & Kitchen,"Dairy, Bread & Eggs",Sid's Farm,8e686c99-3292-4ee3-b45e-c8a0cb1e6884,32,Fresh Cow Milk,0.020860914,22,1,1.031754600960995,0,0.10584866986998312,200.4571652504685,24.000000000000004
milk,Mass-Premium,Nandini Pasteurised Full Cream Fresh Milk | Pouch| 500.0 - MILLILITRE,Grocery & Kitchen,"Dairy, Bread & Eggs",Nandini,07a789cc-1980-4f2d-af40-e20075768cf6,29,Fresh Cow Milk,0.0089291865,23,0.8033499840784254,1.3,0,1,200.4571652504685,24.000000000000004
milk,Mass-Premium,Amul Taaza Homogenised Toned Milk (Tetra Pack)| 1.0 - LITER,Grocery & Kitchen,"Dairy, Bread & Eggs",Amul,84eae511-5edb-4a22-875e-5aa94976c2d6,75,Tetra Pack Milk,0.17097217,24,1,1.1126302209652223,0,0.3754340698840748,200.4571652504685,24.000000000000004
milk,Mass-Premium,Sid's Farm A2 Buffalo Fresh Milk | Pouch| 500.0 - MILLILITRE,Grocery & Kitchen,"Dairy, Bread & Eggs",Sid's Farm,47951a3c-5f8c-4466-b6b9-cf13b740ddea,59.963855421686745,Fresh Buffalo Milk,0.024783855,25,1,1.031754600960995,0,0.10584866986998312,200.4571652504685,24.000000000000004
milk,Mass-Premium,Nandini shubham Pasteurised standardized Fresh Milk | Pouch| 500.0 - MILLILITRE,Grocery & Kitchen,"Dairy, Bread & Eggs",Nandini,3a15fd02-3414-46d0-8977-cd4bea20a3f7,27,Fresh Cow Milk,0.007975402,26,0.5,1.3,0,1,200.4571652504685,24.000000000000004
milk,Mass-Premium,Sid's Farm Toned Fresh Milk | Pouch| 500.0 - MILLILITRE,Grocery & Kitchen,"Dairy, Bread & Eggs",Sid's Farm,a79f8c06-08d8-4b4f-834b-17205aefa4b7,33,Fresh Cow Milk,0.019667383,27,1,1.031754600960995,0,0.1058486698699831,200.4571652504685,24.000000000000004
milk,Mass-Premium,Aavin Green Magic Fresh Milk | Pouch| 500.0 - MILLILITRE,Grocery & Kitchen,"Dairy, Bread & Eggs",Aavin,be992603-05e4-40e1-85b8-c7b7883e1965,22,Toned Milk,0.007551975,28,0,1.0080288201268375,0,0.02676273375612463,200.4571652504685,24.000000000000004
milk,Mass-Premium,Nandini Pasterurised Homogenised Toned Milk (Blue/White)| 500.0 - MILLILITRE,Grocery & Kitchen,"Dairy, Bread & Eggs",Nandini,fa274cc3-5cf6-4fd1-b370-6c6d19d3db32,24,Fresh Cow Milk,0.006306268,29,0,1,0,0,200.4571652504685,24.000000000000004
milk,Mass-Premium,Nandini Special Toned Fresh Milk | Pouch| 500.0 - MILLILITRE,Grocery & Kitchen,"Dairy, Bread & Eggs",Nandini,c6d24935-6bcd-43e6-b980-07557f3102cb,27,Toned Milk,0.0075067114,30,0.5,1,0,0,200.4571652504685,24.000000000000004
milk,Mass-Premium,Akshayakalpa - Organic Farm Fresh Milk | Pouch| 500.0 - MILLILITRE,Grocery & Kitchen,"Dairy, Bread & Eggs",Akshayakalpa,7f4ab241-5791-483b-9901-c42a2f781b4e,47,Fresh Cow Milk,0.016681826,31,1,1.0742605488373962,0,0.24753516279132073,200.4571652504685,24.000000000000004
milk,Mass-Premium,Amul Lactose Free Milk (Tetra Pack)| 250.0 - MILLILITRE,Grocery & Kitchen,"Dairy, Bread & Eggs",Amul,23037033-b0ab-4109-82b6-30f3a2a2cf84,25.01212121212121,Tetra Pack Milk,0.025744628,32,0.1753509122678861,1.1126302209652223,0,0.3754340698840747,200.4571652504685,24.000000000000004
milk,Mass-Premium,Aavin Delite Premium Cow Fresh Milk | Pouch| 500.0 - MILLILITRE,Grocery & Kitchen,"Dairy, Bread & Eggs",Aavin,c960c338-5fd8-4c93-af37-bce2e68e0ad2,22,Fresh Cow Milk,0.0050689774,33,0,1.0080288201268375,0,0.02676273375612463,200.4571652504685,24.000000000000004
milk,Mass-Premium,Amul Slim 'n' Trim Double Toned Fresh Milk | Pouch| 500.0 - MILLILITRE,Grocery & Kitchen,"Dairy, Bread & Eggs",Amul,df5d1d2f-3f3e-40a9-99ab-0335b671297e,21,Toned Milk,0.005149949,34,0,1.1126302209652223,0,0.37543406988407474,200.4571652504685,24.000000000000004
milk,Mass-Premium,Sid's Farm A2 Buffalo Double Toned Fresh Milk | Pouch| 500.0 - MILLILITRE,Grocery & Kitchen,"Dairy, Bread & Eggs",Sid's Farm,a2390b03-73c7-437d-b9d1-32e3d796772d,44,Fresh Buffalo Milk,0.029875364,35,1,1.031754600960995,0,0.1058486698699831,200.4571652504685,24.000000000000004
milk,Mass-Premium,Amul Gold Premium Full Cream Fresh Milk | Bottle| 1.0 - LITER,Grocery & Kitchen,"Dairy, Bread & Eggs",Amul,3503237c-6beb-4eff-9d9f-72ca917b8814,90,Fresh Cow Milk,0.010830135,36,1,1.1126302209652223,0,0.37543406988407474,200.4571652504685,24.000000000000004
milk,Mass-Premium,Amul Gold Homogenised Standardised Milk (Tetra Pack)| 1.0 - LITER,Grocery & Kitchen,"Dairy, Bread & Eggs",Amul,ff393466-31a4-4aba-a51b-a787c39ef57e,80.02994011976048,Tetra Pack Milk,0.0258714,37,1,1.1126302209652223,0,0.3754340698840747,200.4571652504685,24.000000000000004
milk,Mass-Premium,Hatsun Toned Cow Fresh Milk | Pouch| 500.0 - MILLILITRE,Grocery & Kitchen,"Dairy, Bread & Eggs",Hatsun,306efce3-0f76-4b91-b7d8-317d09e049ea,30,Fresh Cow Milk,0.0052086287,38,0.9472652410029654,1.0014566359907067,0,0.004855453302355665,200.4571652504685,24.000000000000004
milk,Mass-Premium,Nandini Goodlife Slim Skimmed Milk UHT (Tetra Pack)| 500.0 - MILLILITRE,Grocery & Kitchen,"Dairy, Bread & Eggs",Nandini,205272e0-ba4c-4b0b-9165-a57fe603a9b5,35.972727272727276,Tetra Pack Milk,0.006821329,39,1,1.3,0,1,200.4571652504685,24.000000000000004
milk,Mass-Premium,Nandini Goodlife Slim Skimmed Milk UHT (Tetra Pack Brik)| 1.0 - LITER,Grocery & Kitchen,"Dairy, Bread & Eggs",Nandini,053a43dd-d1bd-48cc-bcb5-754a270c53f2,71.02424242424243,Tetra Pack Milk,0.020544514,40,1,1.3,0,1,200.4571652504685,24.000000000000004
milk,Mass-Premium,Mother Dairy Toned Fresh Milk | Pouch| 500.0 - MILLILITRE,Grocery & Kitchen,"Dairy, Bread & Eggs",Mother Dairy,b3da2d29-caf2-4c0e-9634-94d82008ae70,27,Toned Milk,0.005876351,41,0.5,1.0162266397585868,0,0.054088799195289396,200.4571652504685,24.000000000000004
milk,Mass-Premium,Heritage Farm Fresh Toned Tetra pack Milk| 1.0 - LITER,Grocery & Kitchen,"Dairy, Bread & Eggs",Heritage,a46ee3f6-6822-455b-8f54-a771880c35cb,66.12883435582822,Tetra Pack Milk,0.007711675,42,1,1.06642978053121,0,0.22143260177069976,200.4571652504685,24.000000000000004
milk,Mass-Premium,Amul Slim Trim Skimmed Milk (Tetra Pack)| 1.0 - LITER,Grocery & Kitchen,"Dairy, Bread & Eggs",Amul,11cca7b6-7d07-4e6e-a799-0fcf85f7b5da,81.95151515151515,Tetra Pack Milk,0.00629328,43,1,1.1126302209652223,0,0.37543406988407463,200.4571652504685,24.000000000000004
milk,Mass-Premium,Godrej Jersey Rich Toned Fresh Milk | Pouch| 500.0 - MILLILITRE,Grocery & Kitchen,"Dairy, Bread & Eggs",Godrej Jersey,06fcc6ce-bae2-483f-8684-3a58da130d76,30,Toned Milk,0.006521449,44,0.9472652410029654,1.0187889642160102,0,0.06262988072003411,200.4571652504685,24.000000000000004
milk,Mass-Premium,Humpy Farms A2 UHT Cow Milk (Pouch)| 450.0 - MILLILITRE,Grocery & Kitchen,"Dairy, Bread & Eggs",Humpy Farms,84b935ca-9ec7-4910-88bf-2c37fb36ccf1,53.993788819875775,Tetra Pack Milk,0.0050348975,45,1,1.0041199887469963,0,0.013733295823321225,200.4571652504685,24.000000000000004
milk,Mass-Premium,Godrej Jersey Standardized Fresh Milk | Pouch| 500.0 - MILLILITRE,Grocery & Kitchen,"Dairy, Bread & Eggs",Godrej Jersey,fc257c47-9d68-4e3a-aa81-6fb6df3f865c,33,Fresh Cow Milk,0.0061638867,46,1,1.0187889642160102,0,0.06262988072003411,200.4571652504685,24.000000000000004
milk,Mass-Premium,Arokya Full Cream Fresh Milk | Pouch| 500.0 - MILLILITRE,Grocery & Kitchen,"Dairy, Bread & Eggs",Arokya,6ce2d5e9-61a8-42f1-aa7b-d9deb8fbbf76,40,Toned Milk,0.00268185,47,1,1.0566493993832173,0,0.18883133127739082,200.4571652504685,24.000000000000004
milk,Mass-Premium,Amul Taaza Toned Fresh Milk | Pouch| 1.0 - LITER,Grocery & Kitchen,"Dairy, Bread & Eggs",Amul,faabc8db-cb19-4021-9a0f-77e1011baa4c,54,Toned Milk,0.0073427893,48,1,1.1126302209652223,0,0.37543406988407474,200.4571652504685,24.000000000000004
milk,Mass-Premium,Mother Dairy Ultra Full Cream Fresh Milk | Pouch| 500.0 - MILLILITRE,Grocery & Kitchen,"Dairy, Bread & Eggs",Mother Dairy,23a2000b-34ec-4585-913b-5df7dcd885c8,38,Toned Milk,0.0031313447,49,1,1.0162266397585868,0,0.054088799195289396,200.4571652504685,24.000000000000004
milk,Mass-Premium,Akshayakalpa Organic Cow Milk - Uht| 1.0 - LITER,Grocery & Kitchen,"Dairy, Bread & Eggs",Akshayakalpa,cfc168c0-bb8d-4614-bcb4-bd1f115c048e,126.03048780487805,Tetra Pack Milk,0.00379584,50,1,1.0742605488373962,0,0.24753516279132076,200.4571652504685,24.000000000000004
paneer,Mass-Premium,Nandini Fresh Paneer (Pouch)| 200.0 - GRAM,Grocery & Kitchen,"Dairy, Bread & Eggs",Nandini,be889ba2-ef6e-4e34-a40c-b979419d82cc,87.77575757575758,Paneer,0.15088838,1,0.09874260470992152,1.8716373136611735,0.8531155306711627,0.9148548073045317,22639.957677435887,87
paneer,Mass-Premium,Milky Mist Paneer| 200.0 - GRAM,Grocery & Kitchen,"Dairy, Bread & Eggs",Milky Mist,861549d8-effd-49de-a2d3-d2ffd3c7333d,91.53012048192771,Paneer,0.1582585,2,0.5646097647482212,1.9483220800817576,1,0.8277402669391919,22639.957677435887,87
paneer,Mass-Premium,Amul Fresh Malai Paneer| 200.0 - GRAM,Grocery & Kitchen,"Dairy, Bread & Eggs",Amul,54099eb2-2d08-4013-a822-a3eebc72f19f,88.36875,Paneer,0.17475614,3,0.17363514727577434,1.8553169337464384,0.7933099053520547,1,22639.957677435887,87
paneer,Mass-Premium,Milky Mist Paneer| 500.0 - GRAM,Grocery & Kitchen,"Dairy, Bread & Eggs",Milky Mist,4e9c62d1-8575-40b3-a3ba-b02a84c7ed1b,201.53658536585365,Paneer,0.1727536,4,1,1.7855056450080862,0.7674050927518978,0.8277402669391917,22639.957677435887,87
paneer,Mass-Premium,Heritage Fresh Paneer| 200.0 - GRAM,Grocery & Kitchen,"Dairy, Bread & Eggs",Heritage,030e4b73-2373-479b-a013-f1e48ee8ab37,82.2969696969697,Paneer,0.10933045,5,0,1.1563104138615679,0,0.521034712871893,22639.957677435887,87
paneer,Mass-Premium,Nandini Fresh Paneer (Pouch)| 500.0 - GRAM,Grocery & Kitchen,"Dairy, Bread & Eggs",Nandini,d659bcb1-a7a3-42af-99dd-d849e3d4268a,187.0245398773006,Paneer,0.109244205,6,1,1.2744564421913593,0,0.9148548073045315,22639.957677435887,87
paneer,Mass-Premium,Akshayakalpa Organic Malai Paneer| 200.0 - GRAM,Grocery & Kitchen,"Dairy, Bread & Eggs",Akshayakalpa,a5b27839-d7bb-4c42-9687-16ba67ea2d83,123.52147239263803,Paneer,0.11684391,7,1,1.1401685303538904,0,0.46722843451296814,22639.957677435887,87
paneer,Mass-Premium,Milky Mist High Protein Paneer| 200.0 - GRAM,Grocery & Kitchen,"Dairy, Bread & Eggs",Milky Mist,7c8ea69b-fd38-47ed-b212-75f6c825affd,96.20987654320987,Paneer,0.12886317,8,1,1.2483220800817574,0,0.8277402669391916,22639.957677435887,87
paneer,Mass-Premium,Mother Dairy Fresh Paneer| 200.0 - GRAM,Grocery & Kitchen,"Dairy, Bread & Eggs",Mother Dairy,5e98a85b-2ced-4cac-873c-40f2290bd7a6,87.74193548387096,Paneer,0.05477268,9,0.09445577271532,1.0488379501303857,0,0.16279316710128594,22639.957677435887,87
paneer,Mass-Premium,Gowardhan Fresh Paneer- Block| 200.0 - GRAM,Grocery & Kitchen,"Dairy, Bread & Eggs",Gowardhan,635f0d0b-7749-4fc1-86c8-3f7f8b1c97ba,94.86585365853658,Paneer,0.047531474,10,0.9627701435287118,1.0660003196715486,0,0.22000106557182897,22639.957677435887,87
paneer,Mass-Premium,Desi Farms Low Fat Paneer| 200.0 - GRAM,Grocery & Kitchen,"Dairy, Bread & Eggs",Desi Farms,5c5e2f50-e1a9-4df1-a858-68354a231cc3,71.98726114649682,Paneer,0.029781733,11,0,1.0289618540096852,0,0.09653951336561746,22639.957677435887,87
paneer,Mass-Premium,Country Delight - Taaza Paneer| 180.0 - GRAM,Grocery & Kitchen,"Dairy, Bread & Eggs",Country Delight,d8ebbf8c-7b12-401d-a25b-b405b16f5125,108.66666666666667,Paneer,0.04244925,12,1,1.0514046944200839,0,0.17134898140027938,22639.957677435887,87
paneer,Mass-Premium,Godrej Jersey Fresh Paneer| 200.0 - GRAM,Grocery & Kitchen,"Dairy, Bread & Eggs",Godrej Jersey,24857697-ce99-4a69-b390-49b23f2a1a48,92.04458598726114,Paneer,0.03146833,13,0.626954739063285,1.0306453081158786,0,0.10215102705292889,22639.957677435887,87
paneer,Mass-Premium,iD Fresh Soft & Creamy Paneer| 200.0 - GRAM,Grocery & Kitchen,"Dairy, Bread & Eggs",iD Fresh,29e0f66e-aed9-4d7b-a656-b62e7e8110b2,136.49056603773585,Paneer,0.034755513,14,1,1,0,0,22639.957677435887,87
paneer,Mass-Premium,Sid's Farm Malai Paneer| 200.0 - GRAM,Grocery & Kitchen,"Dairy, Bread & Eggs",Sid's Farm,040345fd-5a29-4d59-b178-dc95de72af18,128.75757575757575,Paneer,0.028604174,15,1,1.0326375635564968,0,0.10879187852165616,22639.957677435887,87
paneer,Mass-Premium,Akshayakalpa Organic High Protein Paneer| 200.0 - GRAM,Grocery & Kitchen,"Dairy, Bread & Eggs",Akshayakalpa,01b9375e-f09c-4447-9a16-8d32a4bd267a,151.25974025974025,Paneer,0.022779249,16,1,1.1401685303538904,0,0.4672284345129681,22639.957677435887,87
paneer,Mass-Premium,Amul Frozen Malai Paneer| 250.0 - GRAM,Grocery & Kitchen,"Dairy, Bread & Eggs",Amul,c1c27dac-4402-44c4-88ee-2c23b17fe76d,102.33108108108108,Paneer,0.01606635,17,1,1.3,0,1,22639.957677435887,87
paneer,Mass-Premium,Milky Mist High Protein Paneer| 500.0 - GRAM,Grocery & Kitchen,"Dairy, Bread & Eggs",Milky Mist,84fdc7ff-58ad-47fa-b533-60527fed6e73,276.7579617834395,Paneer,0.019321453,18,1,1.2483220800817576,0,0.8277402669391917,22639.957677435887,87
paneer,Mass-Premium,Hatsun Fresh Paneer| 199.0 - GRAM,Grocery & Kitchen,"Dairy, Bread & Eggs",Hatsun,1232ac7d-b9e2-4f44-aa9e-e4aea9b70fa6,127.05590062111801,Paneer,0.013081168,19,1,1.054726043352644,0,0.1824201445088135,22639.957677435887,87
paneer,Mass-Premium,Heritage Fresh Paneer| 500.0 - GRAM,Grocery & Kitchen,"Dairy, Bread & Eggs",Heritage,cbe9a32d-e078-4fc8-ae4c-d468163e5b5d,238.0728476821192,Paneer,0.01602462,20,1,1.156310413861568,0,0.5210347128718933,22639.957677435887,87
paneer,Mass-Premium,Gowardhan Paneer Pouch| 500.0 - GRAM,Grocery & Kitchen,"Dairy, Bread & Eggs",Gowardhan,1aeea0a9-50d3-4fc1-b29a-e4472cf66067,219.42592592592592,Paneer,0.015613528,21,1,1.0660003196715486,0,0.2200010655718289,22639.957677435887,87
paneer,Mass-Premium,Godrej Jersey Medium Fat Paneer| 200.0 - GRAM,Grocery & Kitchen,"Dairy, Bread & Eggs",Godrej Jersey,896e1c65-051d-4e93-9592-3a441248a5de,88.24358974358974,Paneer,0.008372765,22,0.15786984261394246,1.0306453081158786,0,0.10215102705292889,22639.957677435887,87
paneer,Mass-Premium,Desi Farms A2 Paneer| 200.0 - GRAM,Grocery & Kitchen,"Dairy, Bread & Eggs",Desi Farms,b0c6e3da-a000-410d-b136-09db332a8aa1,102.98726114649682,Paneer,0.0077647306,23,1,1.0289618540096852,0,0.09653951336561743,22639.957677435887,87
paneer,Mass-Premium,Ananda Fresh Premium Paneer| 200.0 - GRAM,Grocery & Kitchen,"Dairy, Bread & Eggs",Ananda,6a4fa9c3-864b-4b7f-9b69-2213c5fb50c8,96.5,Paneer,0.0042286147,24,1,1.0234652100765382,0,0.07821736692179443,22639.957677435887,87
paneer,Mass-Premium,Namdhari's Dairy Tales Paneer| 200.0 - GRAM,Grocery & Kitchen,"Dairy, Bread & Eggs",Dairy Tales,5e22c59a-7f19-4a3c-8bc2-9504141f859d,108.81879194630872,Paneer,0.0034866373,25,1,1,0,0,22639.957677435887,87
paneer,Mass-Premium,Godrej Jersey Fresh Soft Paneer| 500.0 - GRAM,Grocery & Kitchen,"Dairy, Bread & Eggs",Godrej Jersey,2bd6c687-f4ad-4a91-a498-544ed2c6ff07,230.80536912751677,Paneer,0.0031174792,26,1,1.0306453081158786,0,0.10215102705292892,22639.957677435887,87
paneer,Mass-Premium,Amul Frozen Malai Paneer| 200.0 - GRAM,Grocery & Kitchen,"Dairy, Bread & Eggs",Amul,be2169df-40ac-4f12-8f21-4118cd5e5fa3,92.94666666666667,Paneer,0.0029090531,27,0.7354359502546788,1.3,0,1,22639.957677435887,87
paneer,Mass-Premium,Desi farms Buffalo Malai Paneer| 200.0 - GRAM,Grocery & Kitchen,"Dairy, Bread & Eggs",Desi Farms,0876c044-d792-4018-a258-9251ce45e00d,93.76433121019109,Paneer,0.0032841833,28,0.8328597215345984,1.0289618540096852,0,0.09653951336561747,22639.957677435887,87
paneer,Mass-Premium,Namdhari's Dairy Tales A2 Paneer| 200.0 - GRAM,Grocery & Kitchen,"Dairy, Bread & Eggs",Dairy Tales,cc1b83c6-3b03-444e-949d-7f2f073bf121,124,Paneer,0.002192387,29,1,1,0,0,22639.957677435887,87
paneer,Mass-Premium,Humpy Farms A2 Paneer| 200.0 - GRAM,Grocery & Kitchen,"Dairy, Bread & Eggs",Humpy Farms,ef56e226-a538-4e80-ab0e-33c1cd42e537,174.97972972972974,Paneer,0.0017250946,30,1,1.016040487382999,0,0.05346829127666306,22639.957677435887,87
paneer,Mass-Premium,Milky Mist Fresh Malai Paneer Cubes| 200.0 - GRAM,Grocery & Kitchen,"Dairy, Bread & Eggs",Milky Mist,78252ea0-1494-4245-bc71-f2cd8e5b30d8,106.68181818181819,Paneer,0.0016031764,31,1,1.2483220800817576,0,0.8277402669391917,22639.957677435887,87
curd,Entry,Nandini Thick Curd Pouch| 500.0 - MILLILITRE,Grocery & Kitchen,"Dairy, Bread & Eggs",Nandini,f05fb698-1b4a-4c68-a16a-1dbc018ccb0c,27,Curd,0.3730881,1,0.4791229942390875,2,1,1,121.49141829942802,24.000000000000004
curd,Entry,Amul Curd Pouch| 450.0 - GRAM,Grocery & Kitchen,"Dairy, Bread & Eggs",Amul,39943e9a-a149-4b3b-8aab-d7cb81119521,24,Curd,0.20886452,2,0.0008445722212321818,1.5862802274620544,0.5608306613343517,0.6456625484266945,121.49141829942802,24.000000000000004
curd,Entry,Heritage Total Curd Pouch| 475.0 - GRAM,Grocery & Kitchen,"Dairy, Bread & Eggs",Heritage,6fe48002-44ec-4c37-af80-7034d3fc6db6,28,Curd,0.112521045,3,0.5952414765510216,1.341223800460693,0.36187421964089095,0.29303948904023064,121.49141829942802,24.000000000000004
curd,Entry,Amul Curd Pouch| 900.0 - GRAM,Grocery & Kitchen,"Dairy, Bread & Eggs",Amul,cb1308a4-ab3d-4425-b27d-cd08048bc339,48,Curd,0.09609754,4,1,1.3912744881680417,0.28225103377147626,0.6456625484266945,121.49141829942802,24.000000000000004
curd,Entry,Hatsun Curd Pouch| 500.0 - GRAM,Grocery & Kitchen,"Dairy, Bread & Eggs",Hatsun,b87ff0cd-08a4-4d2d-972d-0e458dc67d85,36,Curd,0.08799654,5,1,1.290259217251114,0.26456233273669505,0.35021861445142505,121.49141829942802,24.000000000000004
curd,Entry,Milky Mist Curd Pouch| 400.0 - GRAM,Grocery & Kitchen,"Dairy, Bread & Eggs",Milky Mist,06806c10-0b66-4131-8279-ccf912d0758e,37,Curd,0.062613264,6,1,1.3698687326501398,0.3492738312789936,0.4179235025161472,121.49141829942802,24.000000000000004
curd,Entry,Amul Masti Curd Pouch| 450.0 - GRAM,Grocery & Kitchen,"Dairy, Bread & Eggs",Amul,3f3d772a-04a4-4236-8dd5-e848d99c459a,33,Curd,0.055617392,7,1,1.1936987645280084,0,0.6456625484266945,121.49141829942802,24.000000000000004
curd,Entry,Hatsun Cup Curd| 200.0 - GRAM,Grocery & Kitchen,"Dairy, Bread & Eggs",Hatsun,6f523e85-b003-44f4-973c-49d125ef0131,24,Curd,0.0513514,8,0.12519341316365307,1.1050655843354276,0,0.350218614451425,121.49141829942802,24.000000000000004
curd,Entry,Akshayakalpa Organic Curd Pouch| 200.0 - GRAM,Grocery & Kitchen,"Dairy, Bread & Eggs",Akshayakalpa,75a475ab-2a64-4004-9c60-692cc836ffda,22,Curd,0.047211904,9,0,1.172631847907174,0,0.5754394930239133,121.49141829942802,24.000000000000004
curd,Entry,Milky Mist Curd Pouch| 200.0 - GRAM,Grocery & Kitchen,"Dairy, Bread & Eggs",Milky Mist,416e4686-db40-4ccd-b601-910d88fdb8ad,18,Curd,0.045457184,10,0,1.1253770507548442,0,0.4179235025161473,121.49141829942802,24.000000000000004
curd,Entry,Akshayakalpa Organic Probiotic Curd Pouch| 500.0 - GRAM,Grocery & Kitchen,"Dairy, Bread & Eggs",Akshayakalpa,d13a1bd1-aeaa-4388-9f32-2be8b1815ae7,50,Curd,0.04414663,11,1,1.172631847907174,0,0.5754394930239133,121.49141829942802,24.000000000000004
curd,Entry,Milky Mist Set Curd Tub| 1.0 - LITER,Grocery & Kitchen,"Dairy, Bread & Eggs",Milky Mist,0af6a1a5-373b-4ddb-a661-cefc7f18298e,100,Curd,0.039956897,12,1,1.1253770507548442,0,0.41792350251614735,121.49141829942802,24.000000000000004
curd,Entry,Akshayakalpa Artisanal Organic Set Curd Cup| 1.0 - KILOGRAM,Grocery & Kitchen,"Dairy, Bread & Eggs",Akshayakalpa,0e7d1f54-816e-4461-9f79-a651a41fec02,144,Curd,0.035037167,13,1,1.172631847907174,0,0.5754394930239133,121.49141829942802,24.000000000000004
curd,Entry,Akshayakalpa Amrutha A2 Organic Curd Pouch| 500.0 - GRAM,Grocery & Kitchen,"Dairy, Bread & Eggs",Akshayakalpa,22c5e201-2f80-43b6-9476-5822b97d4958,65,Curd,0.03480424,14,1,1.172631847907174,0,0.5754394930239135,121.49141829942802,24.000000000000004
curd,Entry,Heritage Total Curd Tub| 1.0 - KILOGRAM,Grocery & Kitchen,"Dairy, Bread & Eggs",Heritage,23a90a6f-2dab-4bd1-a911-bfd3ab97648c,94,Curd,0.02466161,15,1,1.0879118467120692,0,0.29303948904023064,121.49141829942802,24.000000000000004
curd,Entry,Milky Mist Plain Curd Cup| 400.0 - GRAM,Grocery & Kitchen,"Dairy, Bread & Eggs",Milky Mist,1363a5ff-b43b-439b-a814-a0982e8559de,55,Curd,0.023223296,16,1,1.1253770507548442,0,0.4179235025161472,121.49141829942802,24.000000000000004
curd,Entry,Heritage Total Curd Tub| 400.0 - GRAM,Grocery & Kitchen,"Dairy, Bread & Eggs",Heritage,d3e8e9e0-7e0f-4fcd-8725-a6b64409b5ad,45,Curd,0.022424081,17,1,1.0879118467120692,0,0.2930394890402306,121.49141829942802,24.000000000000004
curd,Entry,Godrej Jersey Curd Pouch| 425.0 - GRAM,Grocery & Kitchen,"Dairy, Bread & Eggs",Godrej Jersey,499acf6d-714c-467a-8ec5-edfb6cf67854,28,Curd,0.020500604,18,0.6068669846089902,1.0228020505558424,0,0.07600683518614111,121.49141829942802,24.000000000000004
curd,Entry,Akshayakalpa Artisanal Organic Set Curd Cup| 400.0 - GRAM,Grocery & Kitchen,"Dairy, Bread & Eggs",Akshayakalpa,a1f91e85-5ccc-4d8e-921a-b81ca9f8d896,74,Curd,0.019698514,19,1,1.172631847907174,0,0.5754394930239134,121.49141829942802,24.000000000000004
curd,Entry,Milky Mist Plain Curd Cup| 200.0 - GRAM,Grocery & Kitchen,"Dairy, Bread & Eggs",Milky Mist,72f7f613-1f5a-4344-b657-4b5eee10868b,32,Curd,0.017438106,20,0.9831026069085935,1.1253770507548442,0,0.4179235025161474,121.49141829942802,24.000000000000004
curd,Entry,Amul Masti Dahi Cup| 200.0 - GRAM,Grocery & Kitchen,"Dairy, Bread & Eggs",Amul,51c1f355-3a4d-4ae2-a459-048b73108e6f,22,Curd,0.017375592,21,0,1.1936987645280084,0,0.6456625484266943,121.49141829942802,24.000000000000004
curd,Entry,Amul Masti Set Curd Tub| 1.0 - KILOGRAM,Grocery & Kitchen,"Dairy, Bread & Eggs",Amul,cf8c88da-d6d3-40af-893c-db15c351513b,94,Curd,0.017159749,22,1,1.1936987645280084,0,0.6456625484266945,121.49141829942802,24.000000000000004
curd,Entry,Sid's Farm Curd Pouch| 450.0 - GRAM,Grocery & Kitchen,"Dairy, Bread & Eggs",Sid's Farm,1fac9173-620c-4cd4-96ba-2c39043c29e9,51,Curd,0.016249333,23,1,1.0284702778570542,0,0.09490092619018052,121.49141829942802,24.000000000000004
curd,Entry,Mother Dairy Mishti Doi Cup| 80.0 - GRAM,Grocery & Kitchen,"Dairy, Bread & Eggs",Mother Dairy,37060eb0-9096-472e-b057-038dd780971d,19,Curd,0.015605163,24,0,1.0383762451390086,0,0.127920817130029,121.49141829942802,24.000000000000004
curd,Entry,Hatsun Cup Curd| 400.0 - GRAM,Grocery & Kitchen,"Dairy, Bread & Eggs",Hatsun,cad89a81-5551-4d0d-b99a-2809a4623206,49,Curd,0.0151058,25,1,1.1050655843354276,0,0.35021861445142505,121.49141829942802,24.000000000000004
curd,Entry,Mother Dairy Classic Dahi Cup| 400.0 - GRAM,Grocery & Kitchen,"Dairy, Bread & Eggs",Mother Dairy,11aef640-1525-4c3e-bda8-fb72b89225ed,45,Curd,0.013466926,26,1,1.0383762451390086,0,0.127920817130029,121.49141829942802,24.000000000000004
curd,Entry,Country Delight | Ghar Jaisa Dahi Cup| 400.0 - GRAM,Grocery & Kitchen,"Dairy, Bread & Eggs",Country Delight,b0e9defa-42c5-44ab-88a1-1d9d2a26bb37,67,Curd,0.012108567,27,1,1.0270001952922787,0,0.09000065097426203,121.49141829942802,24.000000000000004
curd,Entry,Hatsun Curd Tub| 1.0 - KILOGRAM,Grocery & Kitchen,"Dairy, Bread & Eggs",Hatsun,d1469ad2-08a1-426c-bc7f-3073feee548d,100,Curd,0.01176326,28,1,1.1050655843354276,0,0.350218614451425,121.49141829942802,24.000000000000004
curd,Entry,Amul Masti Dahi Cup| 400.0 - GRAM,Grocery & Kitchen,"Dairy, Bread & Eggs",Amul,c3c7b54e-83ab-40f0-8ba3-09d8633831bc,47,Curd,0.010558849,29,1,1.1936987645280084,0,0.6456625484266945,121.49141829942802,24.000000000000004
curd,Entry,Heritage Total Curd Pouch| 1.0 - KILOGRAM,Grocery & Kitchen,"Dairy, Bread & Eggs",Heritage,06790095-6e9b-4170-be00-9562e169c314,65,Curd,0.010380235,30,1,1.0879118467120692,0,0.2930394890402306,121.49141829942802,24.000000000000004
curd,Entry,Milky Mist Mishti Doi Cup| 100.0 - GRAM,Grocery & Kitchen,"Dairy, Bread & Eggs",Milky Mist,8f671df4-6007-4ebf-9ecb-450e70c54801,23,Curd,0.009306966,31,0,1.1253770507548442,0,0.4179235025161473,121.49141829942802,24.000000000000004
curd,Entry,Desi farms Low Fat Dahi Pouch| 400.0 - GRAM,Grocery & Kitchen,"Dairy, Bread & Eggs",Desi Farms,d89c02eb-3c62-44ca-8707-9db3f18025ae,24,Curd,0.009204252,32,0,1.0200093310113048,0,0.06669777003768242,121.49141829942802,24.000000000000004
curd,Entry,Amul High Protein Cup Dahi| 400.0 - GRAM,Grocery & Kitchen,"Dairy, Bread & Eggs",Amul,e90e8c07-553f-4169-9c44-cb468b6b2741,69,Curd,0.008942785,33,1,1.1936987645280084,0,0.6456625484266942,121.49141829942802,24.000000000000004
curd,Entry,Godrej Jersey Curd Pouch| 1.0 - KILOGRAM,Grocery & Kitchen,"Dairy, Bread & Eggs",Godrej Jersey,34cb1ac2-0680-4c50-96ed-9f1480024d28,65,Curd,0.008923757,34,1,1.0228020505558424,0,0.0760068351861411,121.49141829942802,24.000000000000004
curd,Entry,Milky Mist Probiotic Curd Cup| 400.0 - GRAM,Grocery & Kitchen,"Dairy, Bread & Eggs",Milky Mist,d26207e4-d61b-473c-9934-a4d47adca6f8,59,Curd,0.008605429,35,1,1.1253770507548442,0,0.4179235025161472,121.49141829942802,24.000000000000004
curd,Entry,Godrej Jersey Curd Tub| 1.0 - KILOGRAM,Grocery & Kitchen,"Dairy, Bread & Eggs",Godrej Jersey,ce6fac84-94c2-4a22-b52c-7ba92c8a15d7,92,Curd,0.008503617,36,1,1.0228020505558424,0,0.0760068351861411,121.49141829942802,24.000000000000004
curd,Entry,Milky Mist Probiotic Curd Cup| 200.0 - GRAM,Grocery & Kitchen,"Dairy, Bread & Eggs",Milky Mist,fa890e06-e218-445a-9a0d-c42f6c73ecd7,31,Curd,0.007751362,37,0.9014871153367512,1.1253770507548442,0,0.4179235025161473,121.49141829942802,24.000000000000004
curd,Entry,Mother Dairy Mishti Doi Cup| 400.0 - GRAM,Grocery & Kitchen,"Dairy, Bread & Eggs",Mother Dairy,867c532d-78ee-4b54-a623-fb0f86411a53,74,Curd,0.006846284,38,1,1.0383762451390086,0,0.127920817130029,121.49141829942802,24.000000000000004
curd,Entry,Sids Farm Cow Curd Cup| 400.0 - GRAM,Grocery & Kitchen,"Dairy, Bread & Eggs",Sid's Farm,7e56925a-9fda-4ee8-9c34-1e933e0077dc,72,Curd,0.0068447413,39,1,1.0284702778570542,0,0.09490092619018053,121.49141829942802,24.000000000000004
curd,Entry,Mother Dairy Thick & Tasty Curd Pouch| 460.0 - GRAM,Grocery & Kitchen,"Dairy, Bread & Eggs",Mother Dairy,71080671-b2e5-414c-8f7d-822ae1db046d,35,Curd,0.0067124837,40,1,1.0383762451390086,0,0.127920817130029,121.49141829942802,24.000000000000004
curd,Entry,Sids Farm Buffalo Cup Curd| 400.0 - GRAM,Grocery & Kitchen,"Dairy, Bread & Eggs",Sid's Farm,ae7ae4f1-3095-46e7-bc9f-46c846b30bcb,81,Curd,0.0064571,41,1,1.0284702778570542,0,0.09490092619018055,121.49141829942802,24.000000000000004
curd,Entry,Country Delight | Low Fat Dahi Pouch| 400.0 - GRAM,Grocery & Kitchen,"Dairy, Bread & Eggs",Country Delight,95fb899f-fe41-4381-b838-ed6ab6b420eb,56,Curd,0.0060583027,42,1,1.0270001952922787,0,0.09000065097426202,121.49141829942802,24.000000000000004
curd,Entry,iD Fresh Curd Pouch| 400.0 - GRAM,Grocery & Kitchen,"Dairy, Bread & Eggs",iD Fresh,94d95b67-8c7a-4934-b027-d485118b0003,47,Curd,0.005925923,43,1,1,0,0,121.49141829942802,24.000000000000004
curd,Entry,Desi Farms Malai Dahi Cup| 200.0 - GRAM,Grocery & Kitchen,"Dairy, Bread & Eggs",Desi Farms,1a99ac3c-aaf7-4e0b-a822-a373717e27a9,24,Curd,0.0058523733,44,0,1.0200093310113048,0,0.06669777003768239,121.49141829942802,24.000000000000004
curd,Entry,Milky Mist Probiotic Curd Tub| 1.0 - KILOGRAM,Grocery & Kitchen,"Dairy, Bread & Eggs",Milky Mist,61ae2733-9ff4-4968-9271-b119c38b37f1,109,Curd,0.0052882116,45,1,1.1253770507548442,0,0.41792350251614735,121.49141829942802,24.000000000000004
curd,Entry,Heritage Sampurna A2 Curd Tub| 1.0 - KILOGRAM,Grocery & Kitchen,"Dairy, Bread & Eggs",Heritage,6bf52672-9a74-4f97-b3c2-9250f7cce0d8,136,Curd,0.0049788672,46,1,1.0879118467120692,0,0.29303948904023064,121.49141829942802,24.000000000000004
curd,Entry,Amul Curd Pouch| 800.0 - GRAM,Grocery & Kitchen,"Dairy, Bread & Eggs",Amul,aa562171-ba45-4878-b38f-e7b9e9d9af04,50,Curd,0.004883468,47,1,1.1936987645280084,0,0.6456625484266943,121.49141829942802,24.000000000000004
curd,Entry,Desi Farms Creamy & Thick Dahi Tub| 1.0 - KILOGRAM,Grocery & Kitchen,"Dairy, Bread & Eggs",Desi Farms,469f147b-c676-47c9-b2da-1e90a421e984,85,Curd,0.0047430797,48,1,1.0200093310113048,0,0.06669777003768239,121.49141829942802,24.000000000000004
curd,Entry,Mother Dairy Thick & Tasty Curd Tub| 1.0 - KILOGRAM,Grocery & Kitchen,"Dairy, Bread & Eggs",Mother Dairy,31ddcfa7-0114-4343-9bac-7ae170f23db6,97,Curd,0.0044573005,49,1,1.0383762451390086,0,0.127920817130029,121.49141829942802,24.000000000000004
curd,Entry,Desi Farms Low Fat Dahi Cup| 400.0 - GRAM,Grocery & Kitchen,"Dairy, Bread & Eggs",Desi Farms,6b892033-4ec6-476e-900d-51968c7a1d95,38,Curd,0.0037593907,50,1,1.0200093310113048,0,0.06669777003768239,121.49141829942802,24.000000000000004
milk,Entry,Nandini Toned Fresh Milk | Pouch| 500.0 - MILLILITRE,Grocery & Kitchen,"Dairy, Bread & Eggs",Nandini,25eb526c-9c26-48cd-95a3-8e4058910f8a,23,Toned Milk,0.43353045,1,0,2,1,1,200.4571652504685,24.000000000000004
milk,Entry,Nandini Standardized Fresh Milk | Pouch| 500.0 - MILLILITRE,Grocery & Kitchen,"Dairy, Bread & Eggs",Nandini,0cfdcd21-abb4-4151-bd80-f833942fa524,26,Fresh Cow Milk,0.35135576,2,0.48695536526005717,1.999988582896766,0.999983689852523,1,200.4571652504685,24.000000000000004
milk,Entry,Nandini Goodlife Toned UHT Milk (Fino Pouch)| 500.0 - MILLILITRE,Grocery & Kitchen,"Dairy, Bread & Eggs",Nandini,b01c94d5-7fa9-4119-b157-5e401def1280,31,Tetra Pack Milk,0.099577405,3,1,1.5890786428238908,0.41296948974841535,1,200.4571652504685,24.000000000000004
milk,Entry,Heritage Toned Fresh Milk | Pouch| 500.0 - MILLILITRE,Grocery & Kitchen,"Dairy, Bread & Eggs",Heritage,fdf82a8b-a576-417f-b6df-a40d37e25634,25,Toned Milk,0.09327747,4,0.33200675358733867,1.4754966529129474,0.5843812462596251,0.2214326017706998,200.4571652504685,24.000000000000004
milk,Entry,Amul Gold Full Cream Fresh Milk | Pouch| 500.0 - MILLILITRE,Grocery & Kitchen,"Dairy, Bread & Eggs",Amul,51d55eac-ca29-4532-9b32-9b7d317f346a,32,Toned Milk,0.092371725,5,1,1.447133549086763,0.47786189731648665,0.37543406988407474,200.4571652504685,24.000000000000004
milk,Entry,Amul Taaza Homogenised Toned Milk (Tetra Pack)| 200.0 - MILLILITRE,Grocery & Kitchen,"Dairy, Bread & Eggs",Amul,2a231315-2b07-4de0-af4a-3a4f9c48ad0c,16,Tetra Pack Milk,0.08714667,6,0,1.1126302209652223,0,0.37543406988407474,200.4571652504685,24.000000000000004
milk,Entry,Nandini Good Life Toned UHT Milk (Fino Pouch)| 180.0 - MILLILITRE,Grocery & Kitchen,"Dairy, Bread & Eggs",Nandini,17ce1910-171f-4aac-8fcb-86d96d679487,13,Tetra Pack Milk,0.083154835,7,0,1.5448789212807756,0.34982703040110796,1,200.4571652504685,24.000000000000004
milk,Entry,Arokya Toned Fresh Milk | Pouch| 500.0 - MILLILITRE,Grocery & Kitchen,"Dairy, Bread & Eggs",Arokya,edc180a1-cb0b-4824-b10e-1c306f1aacae,26,Toned Milk,0.062151603,8,0.3397887786958155,1.346705993812292,0.4143665634701066,0.1888313312773908,200.4571652504685,24.000000000000004
milk,Entry,Amul Taaza Toned Fresh Milk | Pouch| 500.0 - MILLILITRE,Grocery & Kitchen,"Dairy, Bread & Eggs",Amul,9d447ba5-1d35-46e1-bc64-e932135d026f,27,Toned Milk,0.05576115,9,0.6479860180459455,1.1126302209652223,0,0.37543406988407463,200.4571652504685,24.000000000000004
milk,Entry,Heritage Full Cream Fresh Milk | Pouch| 500.0 - MILLILITRE,Grocery & Kitchen,"Dairy, Bread & Eggs",Heritage,7f99a529-4d3a-41bb-b7d2-cb426f5189b8,34,Toned Milk,0.055612154,10,1,1.06642978053121,0,0.22143260177069976,200.4571652504685,24.000000000000004
milk,Entry,Akshayakalpa Amrutha A2 Pasteurized Organic Fresh Milk | Pouch| 500.0 - MILLILITRE,Grocery & Kitchen,"Dairy, Bread & Eggs",Akshayakalpa,d3db9200-f330-4c52-996c-e231fcceaed0,44,Fresh Cow Milk,0.04931141,11,1,1.0742605488373962,0,0.2475351627913208,200.4571652504685,24.000000000000004
milk,Entry,Heritage Special Long Life Toned Milk (Pouch)| 450.0 - MILLILITRE,Grocery & Kitchen,"Dairy, Bread & Eggs",Heritage,745ea592-6192-4dfc-8a18-c2396be123a2,31,Toned Milk,0.04752026,12,1,1.06642978053121,0,0.2214326017706999,200.4571652504685,24.000000000000004
milk,Entry,Godrej Jersey Toned Fresh Milk | Pouch| 500.0 - MILLILITRE,Grocery & Kitchen,"Dairy, Bread & Eggs",Godrej Jersey,ba77f9b3-0525-4ce8-bc4b-a2480419b780,25,Fresh Cow Milk,0.0452381,13,0.18928225557801448,1.0187889642160102,0,0.06262988072003411,200.4571652504685,24.000000000000004
milk,Entry,Akshayakalpa Organic Pasteurized Cow Fresh Milk | Pouch| 500.0 - MILLILITRE,Grocery & Kitchen,"Dairy, Bread & Eggs",Akshayakalpa,9cd6367f-6ae0-45f4-b529-625ad8b01069,41,Fresh Cow Milk,0.044866085,14,1,1.0742605488373962,0,0.24753516279132073,200.4571652504685,24.000000000000004
milk,Entry,Akshayakalpa Amrutha - A2 Farm Organic Cow Fresh Milk | Pouch| 500.0 - MILLILITRE,Grocery & Kitchen,"Dairy, Bread & Eggs",Akshayakalpa,0d2d70a4-1469-45a3-b1c4-4ffe692f86ae,52,Toned Milk,0.04322778,15,1,1.0742605488373962,0,0.2475351627913208,200.4571652504685,24.000000000000004
milk,Entry,Arokya Standardized Fresh Milk | Pouch| 500.0 - MILLILITRE,Grocery & Kitchen,"Dairy, Bread & Eggs",Arokya,df9f14b1-156c-4b88-abdd-438419ddc4cf,32,Fresh Cow Milk,0.03868223,16,1,1.0566493993832173,0,0.18883133127739082,200.4571652504685,24.000000000000004
milk,Entry,Godrej Jersey Full Cream Fresh Milk | Pouch| 500.0 - MILLILITRE,Grocery & Kitchen,"Dairy, Bread & Eggs",Godrej Jersey,d05f0bf0-be17-4f60-8321-9ad4f19f2ba1,33,Toned Milk,0.029887289,17,1,1.0187889642160102,0,0.06262988072003411,200.4571652504685,24.000000000000004
milk,Entry,Sid's Farm Cow Fresh Milk | Pouch| 500.0 - MILLILITRE,Grocery & Kitchen,"Dairy, Bread & Eggs",Sid's Farm,1a9e1f6e-3d3c-49b2-bdf0-d34fa11c2054,41,Fresh Cow Milk,0.027928771,18,1,1.031754600960995,0,0.10584866986998315,200.4571652504685,24.000000000000004
milk,Entry,Nandini Goodlife Toned Milk UHT (Tetra Pack Brick)| 1.0 - LITER,Grocery & Kitchen,"Dairy, Bread & Eggs",Nandini,b76a82b8-8c7d-4b3a-aa17-754fa3bfc0d4,67,Tetra Pack Milk,0.024943054,19,1,1.3,0,1,200.4571652504685,24.000000000000004
milk,Entry,Amul Moti - Homogenised Toned Milk (Pouch 90 Days Shelf life)| 450.0 - MILLILITRE,Grocery & Kitchen,"Dairy, Bread & Eggs",Amul,1638f685-befc-478e-95f8-2d92213866e7,29,Tetra Pack Milk,0.022607422,20,0.8104413927149374,1.1126302209652223,0,0.3754340698840747,200.4571652504685,24.000000000000004
milk,Entry,Nandini Goodlife Milk UHT (Pouch Brik)| 500.0 - MILLILITRE,Grocery & Kitchen,"Dairy, Bread & Eggs",Nandini,7790e233-c829-422b-bf16-45eefe9b5bd5,35,Tetra Pack Milk,0.019815186,21,1,1.3,0,1,200.4571652504685,24.000000000000004
milk,Entry,Sid's Farm Skim Fresh Milk | Pouch| 500.0 - MILLILITRE,Grocery & Kitchen,"Dairy, Bread & Eggs",Sid's Farm,8e686c99-3292-4ee3-b45e-c8a0cb1e6884,32,Fresh Cow Milk,0.01892219,22,1,1.031754600960995,0,0.10584866986998312,200.4571652504685,24.000000000000004
milk,Entry,Nandini Pasteurised Full Cream Fresh Milk | Pouch| 500.0 - MILLILITRE,Grocery & Kitchen,"Dairy, Bread & Eggs",Nandini,07a789cc-1980-4f2d-af40-e20075768cf6,29,Fresh Cow Milk,0.018521382,23,0.8033499840784254,1.3,0,1,200.4571652504685,24.000000000000004
milk,Entry,Amul Taaza Homogenised Toned Milk (Tetra Pack)| 1.0 - LITER,Grocery & Kitchen,"Dairy, Bread & Eggs",Amul,84eae511-5edb-4a22-875e-5aa94976c2d6,75,Tetra Pack Milk,0.017662326,24,1,1.1126302209652223,0,0.37543406988407474,200.4571652504685,24.000000000000004
milk,Entry,Sid's Farm A2 Buffalo Fresh Milk | Pouch| 500.0 - MILLILITRE,Grocery & Kitchen,"Dairy, Bread & Eggs",Sid's Farm,47951a3c-5f8c-4466-b6b9-cf13b740ddea,59,Fresh Buffalo Milk,0.016506054,25,1,1.031754600960995,0,0.10584866986998312,200.4571652504685,24.000000000000004
milk,Entry,Nandini shubham Pasteurised standardized Fresh Milk | Pouch| 500.0 - MILLILITRE,Grocery & Kitchen,"Dairy, Bread & Eggs",Nandini,3a15fd02-3414-46d0-8977-cd4bea20a3f7,27,Fresh Cow Milk,0.016440965,26,0.5,1.3,0,1,200.4571652504685,24.000000000000004
milk,Entry,Sid's Farm Toned Fresh Milk | Pouch| 500.0 - MILLILITRE,Grocery & Kitchen,"Dairy, Bread & Eggs",Sid's Farm,a79f8c06-08d8-4b4f-834b-17205aefa4b7,33,Fresh Cow Milk,0.015172482,27,1,1.031754600960995,0,0.1058486698699831,200.4571652504685,24.000000000000004
milk,Entry,Aavin Green Magic Fresh Milk | Pouch| 500.0 - MILLILITRE,Grocery & Kitchen,"Dairy, Bread & Eggs",Aavin,be992603-05e4-40e1-85b8-c7b7883e1965,22,Toned Milk,0.014878452,28,0,1.0080288201268375,0,0.02676273375612463,200.4571652504685,24.000000000000004
milk,Entry,Nandini Pasterurised Homogenised Toned Milk (Blue/White)| 500.0 - MILLILITRE,Grocery & Kitchen,"Dairy, Bread & Eggs",Nandini,fa274cc3-5cf6-4fd1-b370-6c6d19d3db32,24,Fresh Cow Milk,0.014568976,29,0,1,0,0,200.4571652504685,24.000000000000004
milk,Entry,Nandini Special Toned Fresh Milk | Pouch| 500.0 - MILLILITRE,Grocery & Kitchen,"Dairy, Bread & Eggs",Nandini,c6d24935-6bcd-43e6-b980-07557f3102cb,27,Toned Milk,0.014481548,30,0.5,1,0,0,200.4571652504685,24.000000000000004
milk,Entry,Akshayakalpa - Organic Farm Fresh Milk | Pouch| 500.0 - MILLILITRE,Grocery & Kitchen,"Dairy, Bread & Eggs",Akshayakalpa,7f4ab241-5791-483b-9901-c42a2f781b4e,47,Fresh Cow Milk,0.0143189365,31,1,1.0742605488373962,0,0.24753516279132073,200.4571652504685,24.000000000000004
milk,Entry,Amul Lactose Free Milk (Tetra Pack)| 250.0 - MILLILITRE,Grocery & Kitchen,"Dairy, Bread & Eggs",Amul,23037033-b0ab-4109-82b6-30f3a2a2cf84,25,Tetra Pack Milk,0.0136934845,32,0.1753509122678861,1.1126302209652223,0,0.37543406988407474,200.4571652504685,24.000000000000004
milk,Entry,Aavin Delite Premium Cow Fresh Milk | Pouch| 500.0 - MILLILITRE,Grocery & Kitchen,"Dairy, Bread & Eggs",Aavin,c960c338-5fd8-4c93-af37-bce2e68e0ad2,22,Fresh Cow Milk,0.011216275,33,0,1.0080288201268375,0,0.02676273375612463,200.4571652504685,24.000000000000004
milk,Entry,Amul Slim 'n' Trim Double Toned Fresh Milk | Pouch| 500.0 - MILLILITRE,Grocery & Kitchen,"Dairy, Bread & Eggs",Amul,df5d1d2f-3f3e-40a9-99ab-0335b671297e,21,Toned Milk,0.010059056,34,0,1.1126302209652223,0,0.37543406988407474,200.4571652504685,24.000000000000004
milk,Entry,Sid's Farm A2 Buffalo Double Toned Fresh Milk | Pouch| 500.0 - MILLILITRE,Grocery & Kitchen,"Dairy, Bread & Eggs",Sid's Farm,a2390b03-73c7-437d-b9d1-32e3d796772d,44,Fresh Buffalo Milk,0.008731263,35,1,1.031754600960995,0,0.1058486698699831,200.4571652504685,24.000000000000004
milk,Entry,Amul Gold Premium Full Cream Fresh Milk | Bottle| 1.0 - LITER,Grocery & Kitchen,"Dairy, Bread & Eggs",Amul,3503237c-6beb-4eff-9d9f-72ca917b8814,90,Fresh Cow Milk,0.007574423,36,1,1.1126302209652223,0,0.3754340698840747,200.4571652504685,24.000000000000004
milk,Entry,Amul Gold Homogenised Standardised Milk (Tetra Pack)| 1.0 - LITER,Grocery & Kitchen,"Dairy, Bread & Eggs",Amul,ff393466-31a4-4aba-a51b-a787c39ef57e,80,Tetra Pack Milk,0.0068762423,37,1,1.1126302209652223,0,0.3754340698840747,200.4571652504685,24.000000000000004
milk,Entry,Hatsun Toned Cow Fresh Milk | Pouch| 500.0 - MILLILITRE,Grocery & Kitchen,"Dairy, Bread & Eggs",Hatsun,306efce3-0f76-4b91-b7d8-317d09e049ea,30,Fresh Cow Milk,0.005302292,38,0.9472652410029654,1.0014566359907067,0,0.004855453302355665,200.4571652504685,24.000000000000004
milk,Entry,Nandini Goodlife Slim Skimmed Milk UHT (Tetra Pack)| 500.0 - MILLILITRE,Grocery & Kitchen,"Dairy, Bread & Eggs",Nandini,205272e0-ba4c-4b0b-9165-a57fe603a9b5,35,Tetra Pack Milk,0.005161608,39,1,1.3,0,1,200.4571652504685,24.000000000000004
milk,Entry,Nandini Goodlife Slim Skimmed Milk UHT (Tetra Pack Brik)| 1.0 - LITER,Grocery & Kitchen,"Dairy, Bread & Eggs",Nandini,053a43dd-d1bd-48cc-bcb5-754a270c53f2,71,Tetra Pack Milk,0.0044496576,40,1,1.3,0,1,200.4571652504685,24.000000000000004
milk,Entry,Mother Dairy Toned Fresh Milk | Pouch| 500.0 - MILLILITRE,Grocery & Kitchen,"Dairy, Bread & Eggs",Mother Dairy,b3da2d29-caf2-4c0e-9634-94d82008ae70,27,Toned Milk,0.00441842,41,0.5,1.0162266397585868,0,0.054088799195289396,200.4571652504685,24.000000000000004
milk,Entry,Heritage Farm Fresh Toned Tetra pack Milk| 1.0 - LITER,Grocery & Kitchen,"Dairy, Bread & Eggs",Heritage,a46ee3f6-6822-455b-8f54-a771880c35cb,66,Tetra Pack Milk,0.0040357867,42,1,1.06642978053121,0,0.22143260177069973,200.4571652504685,24.000000000000004
milk,Entry,Amul Slim Trim Skimmed Milk (Tetra Pack)| 1.0 - LITER,Grocery & Kitchen,"Dairy, Bread & Eggs",Amul,11cca7b6-7d07-4e6e-a799-0fcf85f7b5da,81,Tetra Pack Milk,0.003468292,43,1,1.1126302209652223,0,0.37543406988407474,200.4571652504685,24.000000000000004
milk,Entry,Godrej Jersey Rich Toned Fresh Milk | Pouch| 500.0 - MILLILITRE,Grocery & Kitchen,"Dairy, Bread & Eggs",Godrej Jersey,06fcc6ce-bae2-483f-8684-3a58da130d76,30,Toned Milk,0.0028773267,44,0.9472652410029654,1.0187889642160102,0,0.06262988072003411,200.4571652504685,24.000000000000004
milk,Entry,Humpy Farms A2 UHT Cow Milk (Pouch)| 450.0 - MILLILITRE,Grocery & Kitchen,"Dairy, Bread & Eggs",Humpy Farms,84b935ca-9ec7-4910-88bf-2c37fb36ccf1,53,Tetra Pack Milk,0.002870582,45,1,1.0041199887469963,0,0.013733295823321223,200.4571652504685,24.000000000000004
milk,Entry,Godrej Jersey Standardized Fresh Milk | Pouch| 500.0 - MILLILITRE,Grocery & Kitchen,"Dairy, Bread & Eggs",Godrej Jersey,fc257c47-9d68-4e3a-aa81-6fb6df3f865c,33,Fresh Cow Milk,0.0026303323,46,1,1.0187889642160102,0,0.06262988072003411,200.4571652504685,24.000000000000004
milk,Entry,Arokya Full Cream Fresh Milk | Pouch| 500.0 - MILLILITRE,Grocery & Kitchen,"Dairy, Bread & Eggs",Arokya,6ce2d5e9-61a8-42f1-aa7b-d9deb8fbbf76,40,Toned Milk,0.0023059896,47,1,1.0566493993832173,0,0.18883133127739082,200.4571652504685,24.000000000000004
milk,Entry,Amul Taaza Toned Fresh Milk | Pouch| 1.0 - LITER,Grocery & Kitchen,"Dairy, Bread & Eggs",Amul,faabc8db-cb19-4021-9a0f-77e1011baa4c,54,Toned Milk,0.002277268,48,1,1.1126302209652223,0,0.37543406988407474,200.4571652504685,24.000000000000004
milk,Entry,Mother Dairy Ultra Full Cream Fresh Milk | Pouch| 500.0 - MILLILITRE,Grocery & Kitchen,"Dairy, Bread & Eggs",Mother Dairy,23a2000b-34ec-4585-913b-5df7dcd885c8,38,Toned Milk,0.002250074,49,1,1.0162266397585868,0,0.054088799195289396,200.4571652504685,24.000000000000004
milk,Entry,Akshayakalpa Organic Cow Milk - Uht| 1.0 - LITER,Grocery & Kitchen,"Dairy, Bread & Eggs",Akshayakalpa,cfc168c0-bb8d-4614-bcb4-bd1f115c048e,126,Tetra Pack Milk,0.0022043881,50,1,1.0742605488373962,0,0.2475351627913208,200.4571652504685,24.000000000000004
paneer,Entry,Nandini Fresh Paneer (Pouch)| 200.0 - GRAM,Grocery & Kitchen,"Dairy, Bread & Eggs",Nandini,be889ba2-ef6e-4e34-a40c-b979419d82cc,87,Paneer,0.1941883,1,0.09874260470992152,1.8716373136611733,0.8531155306711629,0.9148548073045316,22639.957677435887,87
paneer,Entry,Milky Mist Paneer| 200.0 - GRAM,Grocery & Kitchen,"Dairy, Bread & Eggs",Milky Mist,861549d8-effd-49de-a2d3-d2ffd3c7333d,91,Paneer,0.17079738,2,0.5646097647482212,1.9483220800817573,1,0.8277402669391917,22639.957677435887,87
paneer,Entry,Amul Fresh Malai Paneer| 200.0 - GRAM,Grocery & Kitchen,"Dairy, Bread & Eggs",Amul,54099eb2-2d08-4013-a822-a3eebc72f19f,88,Paneer,0.1686749,3,0.17363514727577434,1.8553169337464384,0.7933099053520547,1,22639.957677435887,87
paneer,Entry,Milky Mist Paneer| 500.0 - GRAM,Grocery & Kitchen,"Dairy, Bread & Eggs",Milky Mist,4e9c62d1-8575-40b3-a3ba-b02a84c7ed1b,201,Paneer,0.13226567,4,1,1.785505645008086,0.7674050927518977,0.8277402669391919,22639.957677435887,87
paneer,Entry,Heritage Fresh Paneer| 200.0 - GRAM,Grocery & Kitchen,"Dairy, Bread & Eggs",Heritage,030e4b73-2373-479b-a013-f1e48ee8ab37,82,Paneer,0.11481028,5,0,1.1563104138615679,0,0.5210347128718931,22639.957677435887,87
paneer,Entry,Nandini Fresh Paneer (Pouch)| 500.0 - GRAM,Grocery & Kitchen,"Dairy, Bread & Eggs",Nandini,d659bcb1-a7a3-42af-99dd-d849e3d4268a,187,Paneer,0.11100801,6,1,1.2744564421913596,0,0.9148548073045317,22639.957677435887,87
paneer,Entry,Akshayakalpa Organic Malai Paneer| 200.0 - GRAM,Grocery & Kitchen,"Dairy, Bread & Eggs",Akshayakalpa,a5b27839-d7bb-4c42-9687-16ba67ea2d83,123,Paneer,0.110751696,7,1,1.1401685303538904,0,0.467228434512968,22639.957677435887,87
paneer,Entry,Milky Mist High Protein Paneer| 200.0 - GRAM,Grocery & Kitchen,"Dairy, Bread & Eggs",Milky Mist,7c8ea69b-fd38-47ed-b212-75f6c825affd,96,Paneer,0.09420619,8,1,1.2483220800817576,0,0.8277402669391918,22639.957677435887,87
paneer,Entry,Mother Dairy Fresh Paneer| 200.0 - GRAM,Grocery & Kitchen,"Dairy, Bread & Eggs",Mother Dairy,5e98a85b-2ced-4cac-873c-40f2290bd7a6,87,Paneer,0.052376874,9,0.09445577271532,1.0488379501303857,0,0.16279316710128594,22639.957677435887,87
paneer,Entry,Gowardhan Fresh Paneer- Block| 200.0 - GRAM,Grocery & Kitchen,"Dairy, Bread & Eggs",Gowardhan,635f0d0b-7749-4fc1-86c8-3f7f8b1c97ba,94,Paneer,0.04489021,10,0.9627701435287118,1.0660003196715486,0,0.2200010655718289,22639.957677435887,87
paneer,Entry,Desi Farms Low Fat Paneer| 200.0 - GRAM,Grocery & Kitchen,"Dairy, Bread & Eggs",Desi Farms,5c5e2f50-e1a9-4df1-a858-68354a231cc3,71,Paneer,0.04173192,11,0,1.0289618540096852,0,0.09653951336561746,22639.957677435887,87
paneer,Entry,Country Delight - Taaza Paneer| 180.0 - GRAM,Grocery & Kitchen,"Dairy, Bread & Eggs",Country Delight,d8ebbf8c-7b12-401d-a25b-b405b16f5125,108,Paneer,0.036076516,12,1,1.0514046944200839,0,0.17134898140027938,22639.957677435887,87
paneer,Entry,Godrej Jersey Fresh Paneer| 200.0 - GRAM,Grocery & Kitchen,"Dairy, Bread & Eggs",Godrej Jersey,24857697-ce99-4a69-b390-49b23f2a1a48,92,Paneer,0.0297576,13,0.626954739063285,1.0306453081158786,0,0.10215102705292889,22639.957677435887,87
paneer,Entry,iD Fresh Soft & Creamy Paneer| 200.0 - GRAM,Grocery & Kitchen,"Dairy, Bread & Eggs",iD Fresh,29e0f66e-aed9-4d7b-a656-b62e7e8110b2,136,Paneer,0.02341044,14,1,1,0,0,22639.957677435887,87
paneer,Entry,Sid's Farm Malai Paneer| 200.0 - GRAM,Grocery & Kitchen,"Dairy, Bread & Eggs",Sid's Farm,040345fd-5a29-4d59-b178-dc95de72af18,128,Paneer,0.022050621,15,1,1.0326375635564968,0,0.10879187852165614,22639.957677435887,87
paneer,Entry,Akshayakalpa Organic High Protein Paneer| 200.0 - GRAM,Grocery & Kitchen,"Dairy, Bread & Eggs",Akshayakalpa,01b9375e-f09c-4447-9a16-8d32a4bd267a,151,Paneer,0.019591592,16,1,1.1401685303538904,0,0.4672284345129681,22639.957677435887,87
paneer,Entry,Amul Frozen Malai Paneer| 250.0 - GRAM,Grocery & Kitchen,"Dairy, Bread & Eggs",Amul,c1c27dac-4402-44c4-88ee-2c23b17fe76d,102,Paneer,0.016399994,17,1,1.3,0,1,22639.957677435887,87
paneer,Entry,Milky Mist High Protein Paneer| 500.0 - GRAM,Grocery & Kitchen,"Dairy, Bread & Eggs",Milky Mist,84fdc7ff-58ad-47fa-b533-60527fed6e73,276,Paneer,0.013239316,18,1,1.2483220800817574,0,0.8277402669391914,22639.957677435887,87
paneer,Entry,Hatsun Fresh Paneer| 199.0 - GRAM,Grocery & Kitchen,"Dairy, Bread & Eggs",Hatsun,1232ac7d-b9e2-4f44-aa9e-e4aea9b70fa6,127,Paneer,0.012952959,19,1,1.054726043352644,0,0.18242014450881353,22639.957677435887,87
paneer,Entry,Heritage Fresh Paneer| 500.0 - GRAM,Grocery & Kitchen,"Dairy, Bread & Eggs",Heritage,cbe9a32d-e078-4fc8-ae4c-d468163e5b5d,238,Paneer,0.012822042,20,1,1.156310413861568,0,0.5210347128718933,22639.957677435887,87
paneer,Entry,Gowardhan Paneer Pouch| 500.0 - GRAM,Grocery & Kitchen,"Dairy, Bread & Eggs",Gowardhan,1aeea0a9-50d3-4fc1-b29a-e4472cf66067,219,Paneer,0.012280664,21,1,1.0660003196715486,0,0.2200010655718289,22639.957677435887,87
paneer,Entry,Godrej Jersey Medium Fat Paneer| 200.0 - GRAM,Grocery & Kitchen,"Dairy, Bread & Eggs",Godrej Jersey,896e1c65-051d-4e93-9592-3a441248a5de,88,Paneer,0.008510595,22,0.15786984261394246,1.0306453081158786,0,0.10215102705292889,22639.957677435887,87
paneer,Entry,Desi Farms A2 Paneer| 200.0 - GRAM,Grocery & Kitchen,"Dairy, Bread & Eggs",Desi Farms,b0c6e3da-a000-410d-b136-09db332a8aa1,102,Paneer,0.0052561304,23,1,1.0289618540096852,0,0.09653951336561745,22639.957677435887,87
paneer,Entry,Ananda Fresh Premium Paneer| 200.0 - GRAM,Grocery & Kitchen,"Dairy, Bread & Eggs",Ananda,6a4fa9c3-864b-4b7f-9b69-2213c5fb50c8,96,Paneer,0.0036327322,24,1,1.0234652100765382,0,0.07821736692179443,22639.957677435887,87
paneer,Entry,Namdhari's Dairy Tales Paneer| 200.0 - GRAM,Grocery & Kitchen,"Dairy, Bread & Eggs",Dairy Tales,5e22c59a-7f19-4a3c-8bc2-9504141f859d,108,Paneer,0.002784152,25,1,1,0,0,22639.957677435887,87
paneer,Entry,Godrej Jersey Fresh Soft Paneer| 500.0 - GRAM,Grocery & Kitchen,"Dairy, Bread & Eggs",Godrej Jersey,2bd6c687-f4ad-4a91-a498-544ed2c6ff07,230,Paneer,0.0026346645,26,1,1.0306453081158786,0,0.10215102705292892,22639.957677435887,87
paneer,Entry,Amul Frozen Malai Paneer| 200.0 - GRAM,Grocery & Kitchen,"Dairy, Bread & Eggs",Amul,be2169df-40ac-4f12-8f21-4118cd5e5fa3,92,Paneer,0.002607549,27,0.7354359502546788,1.3,0,1,22639.957677435887,87
paneer,Entry,Desi farms Buffalo Malai Paneer| 200.0 - GRAM,Grocery & Kitchen,"Dairy, Bread & Eggs",Desi Farms,0876c044-d792-4018-a258-9251ce45e00d,93,Paneer,0.0024536455,28,0.8328597215345984,1.0289618540096852,0,0.09653951336561745,22639.957677435887,87
paneer,Entry,Namdhari's Dairy Tales A2 Paneer| 200.0 - GRAM,Grocery & Kitchen,"Dairy, Bread & Eggs",Dairy Tales,cc1b83c6-3b03-444e-949d-7f2f073bf121,124,Paneer,0.0018249542,29,1,1,0,0,22639.957677435887,87
paneer,Entry,Humpy Farms A2 Paneer| 200.0 - GRAM,Grocery & Kitchen,"Dairy, Bread & Eggs",Humpy Farms,ef56e226-a538-4e80-ab0e-33c1cd42e537,174,Paneer,0.0013095838,30,1,1.016040487382999,0,0.05346829127666306,22639.957677435887,87
paneer,Entry,Milky Mist Fresh Malai Paneer Cubes| 200.0 - GRAM,Grocery & Kitchen,"Dairy, Bread & Eggs",Milky Mist,78252ea0-1494-4245-bc71-f2cd8e5b30d8,106,Paneer,0.00112955,31,1,1.2483220800817576,0,0.8277402669391918,22639.957677435887,87
